solver,map,solved_instances,solve_time_mean_s,solve_time_std_s,cnf_build_mean_s,cnf_build_std_s,mdd_build_mean_s,mdd_build_std_s,sat_solver_mean_s,sat_solver_std_s,cnf_variables_mean,cnf_variables_std,cnf_clauses_mean,cnf_clauses_std,total_solve_time_s,total_cnf_build_time_s,total_mdd_build_time_s,total_sat_solver_time_s,total_zones_used,total_zones_expanded,total_waiting_attempts
LNS-SAT,empty-16-16,220,4.93174305909091,37.365758319100316,2.6361696681818185,13.500046538555296,4.172727272727272e-06,1.5428933322529927e-05,1.6088682681818183,17.523193229189154,15247.386363636364,60928.449356682424,424631.85454545455,1815430.2759233704,1084.9834730000002,579.9573270000001,0.0009179999999999999,353.95101900000003,1519.0,1227.0,2946.0
LNS-SAT,empty-32-32,60,0.023669116666666663,0.005966215201984328,3.87e-05,4.982345498524431e-05,5.0000000000000004e-08,2.1794494717703373e-07,0.00011631666666666667,0.00012203421537512427,42.61666666666667,55.78652515517424,99.41666666666667,137.9344399423952,1.4201469999999998,0.002322,3e-06,0.006979,121.0,107.0,209.0
LNS-SAT,room-32-32-4,141,4.619759021276595,21.190651916697828,2.5210171205673757,12.486913514727744,2.1560283687943265e-06,8.705817479422066e-06,1.9324210425531914,8.239768257314951,25178.262411347518,91330.93909456796,1439381.6382978724,5783891.425301669,651.3860219999999,355.463414,0.000304,272.471367,1306.0,761.0,3279.0
LNS-SAT,room-64-64-8,1,0.041222,0.0,0.0,0.0,0.0,0.0,0.0,0.0,0.0,0.0,0.0,0.0,0.041222,0.0,0.0,0.0,0.0,0.0,0.0
LNS-SAT,Berlin_1_256,6,1.4081255,0.0731367739734944,8.833333333333334e-06,1.975193380124814e-05,0.0,0.0,1.3e-05,2.906888370749726e-05,5.333333333333333,11.92569587999888,10.0,22.360679774997898,8.448753,5.3e-05,0.0,7.8e-05,2.0,2.0,4.0
LNS-SAT,warehouse-20-40-10-2-2,3,0.919581,0.06222602242363454,0.0,0.0,0.0,0.0,0.0,0.0,0.0,0.0,0.0,0.0,2.758743,0.0,0.0,0.0,0.0,0.0,0.0
MDD-SAT,empty-16-16,218,7.518169706422018,40.5012936520487,4.538057844036697,12.680048078953527,1.6376146788990826e-06,1.2641339633186514e-06,2.076939105504587,19.10694405923544,18172.142201834864,20847.431891056884,769560.5596330275,1085994.779008932,1638.960996,989.29661,0.000357,452.77272500000004,212.0,211.0,212.0
MDD-SAT,empty-32-32,28,28.377782928571428,36.09784724432144,23.99583532142857,32.12009836436522,2.5e-07,4.330127018922193e-07,3.6553736428571426,3.4520253105064715,38454.17857142857,28665.166840676622,4634481.5,4212520.264248576,794.577922,671.883389,6.999999999999999e-06,102.350462,23.0,23.0,23.0
MDD-SAT,room-32-32-4,46,24.114567260869563,25.153133092441237,17.163662978260867,17.313948743076597,3.0434782608695656e-07,5.05171740809663e-07,5.823302304347827,11.967602611296677,51875.391304347824,23275.42164515875,5113339.108695652,2603361.4763781196,1109.270094,789.5284969999999,1.4000000000000001e-05,267.871906,45.0,44.0,45.0
MDD-SAT,room-64-64-8,1,0.041442,0.0,0.0,0.0,0.0,0.0,0.0,0.0,0.0,0.0,0.0,0.0,0.041442,0.0,0.0,0.0,0.0,0.0,0.0
MDD-SAT,Berlin_1_256,3,1.3448653333333331,0.02486063979242873,0.0,0.0,0.0,0.0,0.0,0.0,0.0,0.0,0.0,0.0,4.034596,0.0,0.0,0.0,0.0,0.0,0.0
MDD-SAT,warehouse-20-40-10-2-2,3,0.9358343333333333,0.038509959545839856,0.0,0.0,0.0,0.0,0.0,0.0,0.0,0.0,0.0,0.0,2.807503,0.0,0.0,0.0,0.0,0.0,0.0
LNS++1,empty-16-16,219,5.174723356164384,39.927038545262405,2.765306123287671,13.029632175560321,2.415525114155251e-06,6.567940404922329e-06,1.6161999543378998,18.7927988807754,9837.123287671233,34400.90904684991,347057.3561643836,1325581.8822180575,1133.264415,605.602041,0.000529,353.94779000000005,1329.0,1124.0,2502.0
LNS++1,empty-32-32,60,0.022363583333333333,0.005131370935372815,3.775e-05,5.106454249281002e-05,0.0,0.0,0.0001079166666666667,0.00011794367181931476,42.61666666666667,55.78652515517424,99.41666666666667,137.9344399423952,1.341815,0.002265,0.0,0.006475000000000002,121.0,107.0,209.0
LNS++1,room-32-32-4,152,4.476553743421053,20.759212604144725,2.664502322368421,12.749376818855307,6.249999999999999e-07,2.2118475844510857e-06,1.577881394736842,8.372850709877712,13175.059210526315,47628.47954552887,926172.6381578947,3572174.3016091064,680.436169,405.004353,9.499999999999999e-05,239.83797199999998,1179.0,855.0,3021.0
LNS++1,room-64-64-8,1,0.08895,0.0,0.0,0.0,0.0,0.0,0.0,0.0,0.0,0.0,0.0,0.0,0.08895,0.0,0.0,0.0,0.0,0.0,0.0
LNS++1,Berlin_1_256,6,1.4312075,0.06501292543474206,9e-06,2.0124611797498105e-05,0.0,0.0,1.3500000000000001e-05,3.018691769624716e-05,5.333333333333333,11.92569587999888,10.0,22.360679774997898,8.587245,5.4e-05,0.0,8.1e-05,2.0,2.0,4.0
LNS++1,warehouse-20-40-10-2-2,3,0.9134493333333333,0.02455585312891589,0.0,0.0,0.0,0.0,0.0,0.0,0.0,0.0,0.0,0.0,2.740348,0.0,0.0,0.0,0.0,0.0,0.0
LNS+2,empty-16-16,219,5.187854844748859,40.17316816806035,2.7766619589041097,13.609419826178266,2.7214611872146115e-06,6.531975839454326e-06,1.6198506575342466,18.79911587480928,10388.452054794521,38870.74737838919,354852.71689497714,1451857.1323457127,1136.1402110000001,608.088969,0.000596,354.747294,1255.0,1065.0,2343.0
LNS+2,empty-32-32,60,0.023915833333333338,0.006350120600342083,4.313333333333334e-05,6.318239909623214e-05,3.3333333333333334e-08,2.5603819159562003e-07,0.00011788333333333333,0.00012972806065852607,45.53333333333333,61.63047586669728,107.58333333333333,157.96120743890114,1.4349500000000002,0.0025880000000000005,2e-06,0.007072999999999999,119.0,105.0,203.0
LNS+2,room-32-32-4,153,5.204702287581699,28.486412054309305,3.140923196078432,18.739000795781976,1.6470588235294118e-06,6.577313542851992e-06,1.8547432549019607,8.792143629573081,21533.882352941175,85554.27333042616,1361257.7843137255,5868956.305979146,796.31945,480.5612490000001,0.000252,283.775718,1215.0,848.0,2995.0
LNS+2,room-64-64-8,1,0.08028700000000001,0.0,0.0,0.0,0.0,0.0,0.0,0.0,0.0,0.0,0.0,0.0,0.08028700000000001,0.0,0.0,0.0,0.0,0.0,0.0
LNS+2,Berlin_1_256,12,1.4170368333333332,0.07822638336247062,9.499999999999999e-06,2.127792283095321e-05,0.0,0.0,1.4999999999999999e-05,3.3840311267283976e-05,5.333333333333333,11.925695879998878,10.0,22.360679774997898,17.004441999999997,0.00011399999999999999,0.0,0.00017999999999999998,4.0,4.0,8.0
LNS+2,warehouse-20-40-10-2-2,3,0.900309,0.042562181828473045,0.0,0.0,0.0,0.0,0.0,0.0,0.0,0.0,0.0,0.0,2.700927,0.0,0.0,0.0,0.0,0.0,0.0
LNSinit2,empty-16-16,251,4.060439916334661,36.33076220960849,1.921196549800797,10.06478481605522,3.3187250996015935e-06,7.245963842038339e-06,1.4481106972111555,17.40606442466235,12951.645418326692,33008.54970228133,358664.2749003984,1074431.3604430514,1019.170419,482.22033400000004,0.000833,363.47578500000003,1220.0,1170.0,1589.0
LNSinit2,empty-32-32,60,0.021733233333333334,0.005292977181658311,4.59e-05,4.7356696112235974e-05,0.0,0.0,0.00011798333333333335,9.952327896304238e-05,43.78333333333333,42.17822963989309,144.96666666666667,164.3486098376118,1.303994,0.002754,0.0,0.007079000000000001,104.0,104.0,119.0
LNSinit2,room-32-32-4,141,4.430680546099291,16.691338719437592,2.3820315815602835,9.393434208400063,2.1205673758865254e-06,7.270337264075423e-06,1.881004666666667,7.051318746806028,23778.13475177305,77899.12599453435,1404725.4680851065,5004963.250488291,624.725957,335.866453,0.00029900000000000006,265.22165800000005,1071.0,680.0,2451.0
LNSinit2,room-64-64-8,1,0.052221,0.0,0.0,0.0,0.0,0.0,0.0,0.0,0.0,0.0,0.0,0.0,0.052221,0.0,0.0,0.0,0.0,0.0,0.0
LNSinit2,Berlin_1_256,6,1.4288466666666668,0.07005519542871577,7.499999999999999e-06,1.6770509831248423e-05,0.0,0.0,1.0166666666666667e-05,2.2733357771247863e-05,4.5,10.062305898749054,8.5,19.00657780874821,8.573080000000001,4.4999999999999996e-05,0.0,6.1e-05,2.0,2.0,2.0
LNSinit2,warehouse-20-40-10-2-2,3,0.9111283333333334,0.03249222358589139,0.0,0.0,0.0,0.0,0.0,0.0,0.0,0.0,0.0,0.0,2.733385,0.0,0.0,0.0,0.0,0.0,0.0
