solver,map,agents,finishing_time_s,solved_instances,solve_time_mean_s,solve_time_std_s,cnf_variables_mean,cnf_variables_std,cnf_clauses_mean,cnf_clauses_std
LNS,room-64-64-8,10,600.0,31,0.055563999999999995,0.009129679183848688,574.9677419354839,847.8074372004062,2696.6451612903224,4728.618495299604
LNS,room-64-64-8,20,600.0,1,0.237788,0.0,15301.0,0.0,75245.0,0.0
LNS,room-64-64-16,10,600.0,92,0.06228095652173913,0.004722617103096277,272.5326086956522,300.35502366536303,964.4782608695652,1426.8960344067366
LNS,room-64-64-16,20,600.0,9,0.13654333333333332,0.01151769611414443,1957.5555555555557,692.8134446846442,8140.222222222223,4019.29100375172
LNS,room-64-64-16,50,600.0,7,2.6131748571428575,1.7581962537298135,103494.42857142857,68120.03744201877,1704640.5714285714,1358352.6184841755
LNS,room-32-32-4,10,278.719587,100,2.7871958699999997,12.348531765309403,17088.65,65110.33432326622,1028278.01,4182049.931368499
LNS,room-32-32-4,20,600.0,41,9.089425243902438,33.825815921249806,44909.0243902439,133406.38750358057,2442073.4146341463,8424490.428068172
LNS,room-32-32-4,50,600.0,0,,,,,,
LNS,empty-48-48,10,3.6094739999999996,100,0.03609473999999999,0.005980840528922335,24.15,38.6963499570696,58.94,101.0196832305467
LNS,empty-48-48,20,6.593623,100,0.06593623,0.004319812518744303,96.42,67.21639383364744,233.42,181.769369256759
LNS,empty-48-48,50,17.494225,100,0.17494225,0.008794455329780237,692.2,254.53007680822319,1810.52,936.6105431821703
LNS,empty-48-48,100,50.406858,100,0.50406858,0.08826633217237251,4218.03,3723.8295381367825,23379.9,65839.49530403463
LNS,empty-32-32,10,2.2240549999999994,100,0.022240549999999994,0.005026778432306321,29.09,37.371137258585,69.0,99.15805564854527
LNS,empty-32-32,20,3.40585,100,0.0340585,0.0048188264847367135,140.19,110.07222129129583,348.2,331.685754894599
LNS,empty-32-32,50,9.079302000000002,100,0.09079302000000002,0.010854775121558254,1329.51,862.0098664748565,4518.77,5761.840136371366
LNS,empty-32-32,100,600.0,1,0.284331,0.0,9717.0,0.0,43686.0,0.0
LNS,empty-16-16,10,0.9445460000000002,100,0.009445460000000003,0.0021234212884870493,86.18,106.72360376224184,230.22,390.030629053668
LNS,empty-16-16,20,3.365983999999999,100,0.03365983999999999,0.14040178362996106,909.94,4619.38781619383,10202.64,85935.17252225889
LNS,empty-16-16,50,600.0,19,29.16031773684211,31.639986376074585,162908.52631578947,132967.6005829075,4428220.421052632,4126483.2996577285
LNS,empty-16-16,100,600.0,1,526.626906,0.0,159551.0,0.0,8239534.0,0.0
LNS,Berlin_1_256,10,147.746279,100,1.47746279,0.076753894748253,14.79,33.059732303816375,35.79,83.0642275591605
LNS,Berlin_1_256,20,313.29072300000007,100,3.1329072300000007,0.13325099341602337,70.28,171.05730501793835,330.99,1957.418240923487
LNS,Berlin_1_256,50,600.0,69,8.55623347826087,0.23901908629966126,439.42028985507244,322.1984898082214,1383.855072463768,2548.1047078533516
LNS,Berlin_1_256,100,600.0,31,18.67357961290322,0.531666681251647,3074.1935483870966,3858.498115131651,25087.451612903227,66880.12851644866
LNS,Berlin_1_256,200,600.0,12,46.169328666666665,2.406362594775301,12427.166666666666,12314.286491939172,106467.58333333333,198691.7742700396
LNS,warehouse-20-40-10-2-2,10,86.74631799999999,100,0.8674631799999999,0.06545733829501166,8.94,24.35603415993663,21.71,60.560596925723914
LNS,warehouse-20-40-10-2-2,20,184.410104,100,1.84410104,0.10209750335614677,61.61,71.64480371946036,149.36,177.51008534728385
LNS,warehouse-20-40-10-2-2,50,511.69006699999994,100,5.11690067,0.2404761156197452,420.6,228.65839149263692,1028.44,610.500029811629
LNS,warehouse-20-40-10-2-2,100,600.0,51,11.48955549019608,0.5103735715029545,1708.4901960784314,397.3708384333411,4179.0392156862745,1042.155232138617
LNS,warehouse-20-40-10-2-2,200,600.0,19,30.754775631578948,1.1584311672761844,7856.684210526316,1709.0967775447505,24911.684210526317,15996.450932209706
LNS+2,room-64-64-8,10,600.0,31,0.27937803225806446,1.2385621939922133,5934.322580645161,30254.55908314145,155372.7741935484,841789.327029831
LNS+2,room-64-64-8,20,600.0,1,0.23115,0.0,14196.0,0.0,97485.0,0.0
LNS+2,room-64-64-16,10,600.0,92,0.06308714130434781,0.0059580161594376384,240.41304347826087,255.08477500345512,827.0217391304348,1229.105409728174
LNS+2,room-64-64-16,20,600.0,9,0.1335101111111111,0.010311792649889785,1435.7777777777778,627.3100912764627,5368.555555555556,2533.188377919157
LNS+2,room-64-64-16,50,600.0,3,98.853719,95.90104198982,463798.0,232706.157384515,24356624.0,17860129.26688412
LNS+2,room-32-32-4,10,215.881969,100,2.15881969,8.617556082939915,11201.58,39986.71650540465,748863.3,2808087.0248495773
LNS+2,room-32-32-4,20,600.0,53,10.95165058490566,46.3887098799892,41028.79245283019,132407.07146300666,2516719.0754716983,9083712.747798475
LNS+2,room-32-32-4,50,600.0,1,481.02524900000003,0.0,840600.0,0.0,50640265.0,0.0
LNS+2,empty-48-48,10,3.504455,100,0.03504455,0.004085917631022436,27.01,47.719072706832854,67.53,132.0430577501142
LNS+2,empty-48-48,20,6.533365000000001,100,0.06533365000000001,0.004926006829826772,102.72,74.32968182361606,249.16,200.9595839963847
LNS+2,empty-48-48,50,17.551115999999997,100,0.17551115999999997,0.009067559512592128,794.58,376.50989840905913,2528.28,2773.322087605405
LNS+2,empty-48-48,100,600.0,88,1.0277442272727273,2.959126112512749,9588.386363636364,18844.564761630038,205777.75,821094.3674774739
LNS+2,empty-32-32,10,2.188651,100,0.02188651,0.004559367955089828,31.42,44.32700756874978,79.53,146.7511127726124
LNS+2,empty-32-32,20,3.3019450000000004,100,0.033019450000000006,0.003929190635169029,163.73,157.50433994020608,534.31,1101.4717853399607
LNS+2,empty-32-32,50,10.027929,100,0.10027929000000001,0.057692158994840016,1851.63,2147.780210612809,13319.21,42878.01398952498
LNS+2,empty-32-32,100,600.0,0,,,,,,
LNS+2,empty-16-16,10,1.071869,100,0.01071869,0.0025318900240531776,97.28,119.94157577754262,311.62,651.8661331899366
LNS+2,empty-16-16,20,2.586305,100,0.02586305,0.023700168435424673,694.78,979.3107839700327,4908.16,16007.601332941795
LNS+2,empty-16-16,50,600.0,18,31.1741905,29.254230064180984,113299.77777777778,74100.91017701286,3831082.277777778,2955528.7031873707
LNS+2,empty-16-16,100,600.0,1,571.3466080000001,0.0,156469.0,0.0,8231286.0,0.0
LNS+2,Berlin_1_256,10,149.87494900000002,100,1.4987494900000002,0.08688933915648053,15.57,36.11710259696921,38.26,94.07822489821967
LNS+2,Berlin_1_256,20,319.49367399999994,100,3.1949367399999993,0.1479282090106968,74.61,174.67489201370643,343.9,1959.0466329314365
LNS+2,Berlin_1_256,50,600.0,67,8.81116486567164,0.2883405083543183,439.0149253731343,305.36904477791546,1385.4179104477612,2524.0375978776765
LNS+2,Berlin_1_256,100,600.0,30,19.3489819,0.5961812930057073,2871.5666666666666,3406.359979835106,24810.233333333334,67192.74340218758
LNS+2,Berlin_1_256,200,600.0,12,48.59684866666666,2.9647897518409128,17737.666666666668,29701.623736010722,172456.41666666666,418701.1848577014
LNS+2,warehouse-20-40-10-2-2,10,99.017807,100,0.99017807,0.1775357851815377,9.42,26.38870212799409,22.92,65.5956827847687
LNS+2,warehouse-20-40-10-2-2,20,204.91559799999996,100,2.0491559799999997,0.14683695508011463,66.03,77.67347745530645,162.15,196.27110714519344
LNS+2,warehouse-20-40-10-2-2,50,538.0975850000001,100,5.380975850000001,0.2694214951812262,443.02,236.1413974719384,1098.23,652.1554240363258
LNS+2,warehouse-20-40-10-2-2,100,600.0,48,12.156556499999999,0.5461353683601484,1857.6875,431.2843781587156,4689.770833333333,1209.0295047334337
LNS+2,warehouse-20-40-10-2-2,200,600.0,17,33.373943,1.3180622791085046,8076.588235294118,1494.0632343033162,26360.764705882353,16507.219680845577
LNS++1,room-64-64-8,10,600.0,31,0.05925145161290323,0.013519472257400673,637.7741935483871,947.4063647554772,4062.2903225806454,8259.7746520598
LNS++1,room-64-64-8,20,600.0,1,0.305417,0.0,17100.0,0.0,163618.0,0.0
LNS++1,room-64-64-16,10,600.0,92,0.06207842391304348,0.006539435189069225,303.95652173913044,395.97639128799955,1557.4021739130435,4612.612942083211
LNS++1,room-64-64-16,20,600.0,9,0.14198655555555553,0.016583411578449316,2018.5555555555557,731.7829233547202,9169.0,5312.223786283439
LNS++1,room-64-64-16,50,600.0,3,17.355238333333336,21.073564265293655,187808.33333333334,166238.95774122528,6372779.666666667,6921633.011111868
LNS++1,room-32-32-4,10,157.39658599999999,100,1.57396586,5.699632541305595,7003.0,23250.08858434737,535558.24,1877532.8837702905
LNS++1,room-32-32-4,20,600.0,52,10.058453519230767,33.90948012135723,25044.403846153848,73329.58140956685,1677354.173076923,5446368.018014661
LNS++1,room-32-32-4,50,600.0,0,,,,,,
LNS++1,empty-48-48,10,3.517758,100,0.03517758,0.003819108443550667,24.15,38.6963499570696,58.94,101.0196832305467
LNS++1,empty-48-48,20,6.455822,100,0.06455822,0.0048606181367805475,96.27,66.85803691404647,233.09,181.01210429139815
LNS++1,empty-48-48,50,17.530959000000006,100,0.17530959000000007,0.008891182354552175,691.36,253.32633183307257,1825.05,940.601237241372
LNS++1,empty-48-48,100,51.31172900000001,100,0.5131172900000001,0.1637373350552216,4425.33,4269.240562570819,30598.67,92981.74563203844
LNS++1,empty-32-32,10,2.121381,100,0.02121381,0.003142217559924837,29.09,37.371137258585,69.0,99.15805564854527
LNS++1,empty-32-32,20,3.30953,100,0.0330953,0.004474063009167395,148.59,170.47152812126726,453.55,1299.5854060045458
LNS++1,empty-32-32,50,32.099148,100,0.32099148,1.38144237791196,3015.86,10323.748895648325,78790.99,432839.709713203
LNS++1,empty-32-32,100,600.0,0,,,,,,
LNS++1,empty-16-16,10,0.9733550000000001,100,0.00973355,0.0022831097887530505,87.26,108.8131995669643,257.97,542.3762062443373
LNS++1,empty-16-16,20,2.193497,100,0.021934969999999998,0.020771071861343606,559.26,955.455280167523,3667.47,15571.306799016582
LNS++1,empty-16-16,50,600.0,18,30.996438222222213,23.949138342463684,107299.77777777778,51610.658644590025,3743135.111111111,2250085.0001501148
LNS++1,empty-16-16,100,600.0,1,572.1616750000001,0.0,158282.0,0.0,8236585.0,0.0
LNS++1,Berlin_1_256,10,149.81179699999998,100,1.4981179699999998,0.0846309628382491,14.79,33.059732303816375,35.79,83.0642275591605
LNS++1,Berlin_1_256,20,314.03368900000004,100,3.1403368900000004,0.13983258982654187,70.61,171.22709452653808,332.08,1957.4778041142638
LNS++1,Berlin_1_256,50,600.0,68,8.607542676470588,0.28254548008560865,432.05882352941177,318.3185549447995,1366.985294117647,2563.2373515482273
LNS++1,Berlin_1_256,100,600.0,30,19.5339694,0.9627421342692133,6762.466666666666,20190.344847200824,61016.833333333336,200083.58468684752
LNS++1,Berlin_1_256,200,600.0,12,48.788213250000005,2.9321388193128497,16813.083333333332,27714.60770501823,177537.0,430537.1202981999
LNS++1,warehouse-20-40-10-2-2,10,89.24638300000001,100,0.8924638300000001,0.0716816085950999,8.94,24.35603415993663,21.71,60.560596925723914
LNS++1,warehouse-20-40-10-2-2,20,187.937603,100,1.87937603,0.1297425774973239,61.61,71.64480371946036,149.36,177.51008534728385
LNS++1,warehouse-20-40-10-2-2,50,527.445556,100,5.27445556,0.30122358432995655,421.42,232.0826654448798,1032.63,632.4197760190615
LNS++1,warehouse-20-40-10-2-2,100,600.0,48,12.261096208333333,0.4619663044389692,1723.125,389.70954060898566,4219.375,1024.8980564142303
LNS++1,warehouse-20-40-10-2-2,200,600.0,17,33.60762900000001,1.3507396643032297,7435.764705882353,1269.9323061816078,23283.117647058825,15926.930238112069
LNSinit2,room-64-64-8,10,600.0,31,0.053447516129032244,0.008384326332878,553.8387096774194,789.917435325106,3250.8709677419356,6686.681995757158
LNSinit2,room-64-64-8,20,600.0,1,0.132852,0.0,1331.0,0.0,4753.0,0.0
LNSinit2,room-64-64-16,10,600.0,92,0.06095809782608697,0.0049525308024408795,311.3478260869565,340.34459630557456,1284.0434782608695,1791.5969735130013
LNSinit2,room-64-64-16,20,600.0,9,0.13624288888888889,0.012778852612764787,1936.111111111111,1259.2269625487997,9705.111111111111,8090.664626516504
LNSinit2,room-64-64-16,50,600.0,7,4.326388285714286,5.757708887259925,100821.28571428571,94088.94399710199,2208923.8571428573,2646214.4932003436
LNSinit2,room-32-32-4,10,303.650576,100,3.03650576,13.095615937010907,16943.99,65661.88583120272,1069750.83,4371327.2870070515
LNSinit2,room-32-32-4,20,600.0,41,7.831106853658538,22.880785564737142,40446.78048780488,99806.65917137901,2221736.7804878047,6212816.854293019
LNSinit2,room-32-32-4,50,600.0,0,,,,,,
LNSinit2,empty-48-48,10,3.3112700000000004,100,0.0331127,0.003444618032525522,24.25,28.4121012950468,77.08,95.90064441910701
LNSinit2,empty-48-48,20,6.625207,100,0.06625207,0.005287868247706254,111.53,69.81510653146638,379.55,378.89933689569847
LNSinit2,empty-48-48,50,17.455224000000005,100,0.17455224000000005,0.011143025614365247,887.71,485.4040645688909,4304.43,6572.016045712305
LNSinit2,empty-48-48,100,89.49627199999999,100,0.8949627199999999,3.179898757571241,9286.36,24004.084740943574,202740.0,1133842.476158183
LNSinit2,empty-32-32,10,2.0255560000000004,100,0.020255560000000002,0.0032203924553383246,37.88,33.89639508856362,125.32,120.4200880252128
LNSinit2,empty-32-32,20,3.3518539999999994,100,0.03351853999999999,0.0050026887998755225,183.92,239.7283746242818,738.8,1769.555209650154
LNSinit2,empty-32-32,50,11.245208,100,0.11245208,0.11349230584455318,2610.35,4095.9368656633374,26827.81,82720.56401085464
LNSinit2,empty-32-32,100,600.0,4,77.88426249999999,131.68705331416552,176129.5,234703.89322133112,8038984.5,12420146.780834608
LNSinit2,empty-16-16,10,0.8730289999999999,100,0.00873029,0.0023901382273625936,90.89,82.23136810244617,318.43,388.9621126793714
LNSinit2,empty-16-16,20,2.0439309999999997,100,0.02043931,0.009534275815912817,695.01,656.4226610195599,4242.13,6960.61527977951
LNSinit2,empty-16-16,50,600.0,50,8.94101724,12.206990014470202,60333.2,46748.60970210772,1626812.84,1562117.247686221
LNSinit2,empty-16-16,100,600.0,1,569.202597,0.0,155613.0,0.0,8228035.0,0.0
LNSinit2,Berlin_1_256,10,151.774673,100,1.51774673,0.08863896124637914,17.52,46.12385066318727,49.07,114.54817807368215
LNSinit2,Berlin_1_256,20,319.238366,100,3.19238366,0.1424445848736427,83.33,251.33066088322772,656.28,4727.3188385807025
LNSinit2,Berlin_1_256,50,600.0,67,8.78293510447761,0.27658866265096405,509.5074626865672,396.27618791505427,2183.0,5843.64324613162
LNSinit2,Berlin_1_256,100,600.0,30,19.436701866666667,1.2515048886518647,7688.766666666666,20416.448365118642,152608.8,527036.3512346753
LNSinit2,Berlin_1_256,200,600.0,12,46.219974083333334,2.1757571497200106,13163.0,8913.085333747606,115376.0,150799.54888471428
LNSinit2,warehouse-20-40-10-2-2,10,88.929332,100,0.88929332,0.07187481919641678,10.92,21.33151658930982,32.59,62.23955253695193
LNSinit2,warehouse-20-40-10-2-2,20,190.79281999999998,100,1.9079281999999997,0.11945510961235606,64.36,64.6894921915453,187.28,178.6611922046867
LNSinit2,warehouse-20-40-10-2-2,50,534.7791520000001,100,5.34779152,0.26291944108207294,425.82,176.45194133247725,1251.11,526.9864114946419
LNSinit2,warehouse-20-40-10-2-2,100,600.0,49,12.028074265306122,0.4883050764004402,1696.7142857142858,304.00315519307844,5204.857142857143,1789.537815145781
LNSinit2,warehouse-20-40-10-2-2,200,600.0,19,30.736987631578945,0.9647424851832207,7288.684210526316,1375.3873350186266,28743.157894736843,25964.899234124274
