experiment_id,makespan_attempt,zone_attempt,zone_positions,zone_fraction,conflicts,agents,start_t,end_t,waiting_attempts,total_lazy_iterations,total_cnf_clauses,total_cnf_variables,total_mdd_build_ms,total_cnf_build_ms,total_lazy_wall_ms,total_lazy_solver_wall_ms,total_lazy_solver_reported_ms,solved
_home_max_Documents_PhD_MAPF_LNS_MAPF_LNS_SAT_mapf-map_room-32-32-4_map-_home_max_Documents_PhD_MAPF_LNS_MAPF_LNS_SAT_mapf-scen-even_scen-even_room-32-32-4-even-1_scen-agents10-idx0-seed42-1761027369448,0,0,682,1.000000,3,10,0,46,1,21,2653501,32505,0.000000,6087.253000,2285.530000,2240.973000,55.704040,1
_home_max_Documents_PhD_MAPF_LNS_MAPF_LNS_SAT_mapf-map_room-32-32-4_map-_home_max_Documents_PhD_MAPF_LNS_MAPF_LNS_SAT_mapf-scen-even_scen-even_room-32-32-4-even-1_scen-agents10-idx1-seed42-1761027377980,0,0,682,1.000000,5,10,0,50,1,15,5119599,48048,0.000000,14712.860000,4916.542000,4237.207000,105.307567,1
_home_max_Documents_PhD_MAPF_LNS_MAPF_LNS_SAT_mapf-map_room-32-32-4_map-_home_max_Documents_PhD_MAPF_LNS_MAPF_LNS_SAT_mapf-scen-even_scen-even_room-32-32-4-even-1_scen-agents10-idx2-seed42-1761027397891,0,0,682,1.000000,2,10,0,51,1,15,4335945,45305,0.000000,10029.040000,4356.246000,3797.951000,77.033207,1
_home_max_Documents_PhD_MAPF_LNS_MAPF_LNS_SAT_mapf-map_room-32-32-4_map-_home_max_Documents_PhD_MAPF_LNS_MAPF_LNS_SAT_mapf-scen-even_scen-even_room-32-32-4-even-1_scen-agents10-idx3-seed42-1761027412533,0,0,682,1.000000,2,10,0,47,1,7,2378265,27431,0.001000,4194.558000,2199.759000,2170.515000,29.203927,1
_home_max_Documents_PhD_MAPF_LNS_MAPF_LNS_SAT_mapf-map_room-32-32-4_map-_home_max_Documents_PhD_MAPF_LNS_MAPF_LNS_SAT_mapf-scen-even_scen-even_room-32-32-4-even-1_scen-agents10-idx4-seed42-1761027419100,0,0,682,1.000000,8,10,0,54,1,2,6829598,58283,0.001000,21741.196000,6765.658000,5849.675000,64.800697,1
_home_max_Documents_PhD_MAPF_LNS_MAPF_LNS_SAT_mapf-map_room-32-32-4_map-_home_max_Documents_PhD_MAPF_LNS_MAPF_LNS_SAT_mapf-scen-even_scen-even_room-32-32-4-even-1_scen-agents10-idx6-seed42-1761027448008,0,0,682,1.000000,22,10,0,54,1,4,4393653,46808,0.000000,8976.066000,3951.211000,3402.446000,47.935304,1
_home_max_Documents_PhD_MAPF_LNS_MAPF_LNS_SAT_mapf-map_room-32-32-4_map-_home_max_Documents_PhD_MAPF_LNS_MAPF_LNS_SAT_mapf-scen-even_scen-even_room-32-32-4-even-1_scen-agents10-idx7-seed42-1761027461204,0,0,682,1.000000,4,10,0,52,1,10,4952480,45945,0.000000,12746.221000,4429.415000,3807.278000,70.405655,1
_home_max_Documents_PhD_MAPF_LNS_MAPF_LNS_SAT_mapf-map_room-32-32-4_map-_home_max_Documents_PhD_MAPF_LNS_MAPF_LNS_SAT_mapf-scen-even_scen-even_room-32-32-4-even-1_scen-agents10-idx8-seed42-1761027478662,0,0,682,1.000000,3,10,0,54,1,2,4345184,47491,0.000000,8678.746000,3898.540000,3358.446000,42.413186,1
_home_max_Documents_PhD_MAPF_LNS_MAPF_LNS_SAT_mapf-map_room-32-32-4_map-_home_max_Documents_PhD_MAPF_LNS_MAPF_LNS_SAT_mapf-scen-even_scen-even_room-32-32-4-even-1_scen-agents10-idx10-seed42-1761027491558,0,0,682,1.000000,4,10,0,53,1,8,4183735,45879,0.000000,10323.489000,3820.409000,3289.662000,59.677333,1
_home_max_Documents_PhD_MAPF_LNS_MAPF_LNS_SAT_mapf-map_room-32-32-4_map-_home_max_Documents_PhD_MAPF_LNS_MAPF_LNS_SAT_mapf-scen-even_scen-even_room-32-32-4-even-1_scen-agents10-idx11-seed42-1761027505947,0,0,682,1.000000,6,10,0,53,1,9,3082498,36652,0.000000,5078.776000,2971.267000,2555.873000,40.566804,1
_home_max_Documents_PhD_MAPF_LNS_MAPF_LNS_SAT_mapf-map_room-32-32-4_map-_home_max_Documents_PhD_MAPF_LNS_MAPF_LNS_SAT_mapf-scen-even_scen-even_room-32-32-4-even-1_scen-agents10-idx12-seed42-1761027514227,0,0,682,1.000000,2,10,0,41,1,2,708599,15810,0.000000,632.272000,479.392000,470.591000,6.741712,1
_home_max_Documents_PhD_MAPF_LNS_MAPF_LNS_SAT_mapf-map_room-32-32-4_map-_home_max_Documents_PhD_MAPF_LNS_MAPF_LNS_SAT_mapf-scen-even_scen-even_room-32-32-4-even-2_scen-agents10-idx0-seed42-1761027515432,0,0,682,1.000000,4,10,0,51,1,2,4538790,42806,0.000000,11194.023000,4113.376000,3547.658000,43.058697,1
_home_max_Documents_PhD_MAPF_LNS_MAPF_LNS_SAT_mapf-map_room-32-32-4_map-_home_max_Documents_PhD_MAPF_LNS_MAPF_LNS_SAT_mapf-scen-even_scen-even_room-32-32-4-even-2_scen-agents10-idx1-seed42-1761027530977,0,0,682,1.000000,4,10,0,50,1,8,2581272,31856,0.000000,5664.511000,2165.439000,2133.347000,32.231773,1
_home_max_Documents_PhD_MAPF_LNS_MAPF_LNS_SAT_mapf-map_room-32-32-4_map-_home_max_Documents_PhD_MAPF_LNS_MAPF_LNS_SAT_mapf-scen-even_scen-even_room-32-32-4-even-2_scen-agents10-idx2-seed42-1761027538954,0,0,682,1.000000,13,10,0,54,1,3,4497498,47818,0.000000,12194.206000,4036.458000,3477.455000,47.475670,1
_home_max_Documents_PhD_MAPF_LNS_MAPF_LNS_SAT_mapf-map_room-32-32-4_map-_home_max_Documents_PhD_MAPF_LNS_MAPF_LNS_SAT_mapf-scen-even_scen-even_room-32-32-4-even-2_scen-agents10-idx3-seed42-1761027555415,0,0,682,1.000000,24,10,0,51,1,13,5612780,53236,0.001000,16891.039000,5143.348000,4422.467000,100.427092,1
_home_max_Documents_PhD_MAPF_LNS_MAPF_LNS_SAT_mapf-map_room-32-32-4_map-_home_max_Documents_PhD_MAPF_LNS_MAPF_LNS_SAT_mapf-scen-even_scen-even_room-32-32-4-even-2_scen-agents10-idx4-seed42-1761027577750,0,0,682,1.000000,3,10,0,53,1,9,6694282,57723,0.000000,17549.678000,6646.374000,5725.616000,91.105369,1
_home_max_Documents_PhD_MAPF_LNS_MAPF_LNS_SAT_mapf-map_room-32-32-4_map-_home_max_Documents_PhD_MAPF_LNS_MAPF_LNS_SAT_mapf-scen-even_scen-even_room-32-32-4-even-2_scen-agents10-idx5-seed42-1761027602287,0,0,682,1.000000,6,10,0,49,1,1,2985261,36813,0.000000,4618.186000,2448.229000,2447.982000,21.228680,1
_home_max_Documents_PhD_MAPF_LNS_MAPF_LNS_SAT_mapf-map_room-32-32-4_map-_home_max_Documents_PhD_MAPF_LNS_MAPF_LNS_SAT_mapf-scen-even_scen-even_room-32-32-4-even-2_scen-agents10-idx6-seed42-1761027609897,0,0,682,1.000000,4,10,0,55,1,3,6300710,60789,0.000000,18059.808000,6369.371000,5493.165000,67.137310,1
_home_max_Documents_PhD_MAPF_LNS_MAPF_LNS_SAT_mapf-map_room-32-32-4_map-_home_max_Documents_PhD_MAPF_LNS_MAPF_LNS_SAT_mapf-scen-even_scen-even_room-32-32-4-even-2_scen-agents10-idx7-seed42-1761027634646,0,0,682,1.000000,1,10,0,54,1,2,5667245,54665,0.000000,14426.578000,5082.111000,4375.137000,54.486517,1
_home_max_Documents_PhD_MAPF_LNS_MAPF_LNS_SAT_mapf-map_room-32-32-4_map-_home_max_Documents_PhD_MAPF_LNS_MAPF_LNS_SAT_mapf-scen-even_scen-even_room-32-32-4-even-2_scen-agents10-idx8-seed42-1761027654461,0,0,682,1.000000,3,10,0,48,1,3,2808821,33767,0.000000,5522.056000,2378.676000,2347.325000,25.939276,1
_home_max_Documents_PhD_MAPF_LNS_MAPF_LNS_SAT_mapf-map_room-32-32-4_map-_home_max_Documents_PhD_MAPF_LNS_MAPF_LNS_SAT_mapf-scen-even_scen-even_room-32-32-4-even-2_scen-agents10-idx9-seed42-1761027662534,0,0,682,1.000000,7,10,0,54,1,7,5153386,52392,0.000000,13299.111000,4665.736000,4014.592000,66.710963,1
_home_max_Documents_PhD_MAPF_LNS_MAPF_LNS_SAT_mapf-map_room-32-32-4_map-_home_max_Documents_PhD_MAPF_LNS_MAPF_LNS_SAT_mapf-scen-even_scen-even_room-32-32-4-even-2_scen-agents10-idx10-seed42-1761027680804,0,0,682,1.000000,39,10,0,53,1,3,3218646,40792,0.000000,4689.528000,3034.926000,2617.861000,35.365648,1
_home_max_Documents_PhD_MAPF_LNS_MAPF_LNS_SAT_mapf-map_room-32-32-4_map-_home_max_Documents_PhD_MAPF_LNS_MAPF_LNS_SAT_mapf-scen-even_scen-even_room-32-32-4-even-2_scen-agents10-idx11-seed42-1761027688726,0,0,682,1.000000,3,10,0,56,1,3,5186416,55584,0.000000,12035.185000,4718.879000,4070.003000,54.983848,1
_home_max_Documents_PhD_MAPF_LNS_MAPF_LNS_SAT_mapf-map_room-32-32-4_map-_home_max_Documents_PhD_MAPF_LNS_MAPF_LNS_SAT_mapf-scen-even_scen-even_room-32-32-4-even-2_scen-agents10-idx12-seed42-1761027705763,0,0,682,1.000000,3,10,0,55,1,19,6040861,52843,0.000000,15644.041000,6458.768000,5645.251000,111.657927,1
_home_max_Documents_PhD_MAPF_LNS_MAPF_LNS_SAT_mapf-map_room-32-32-4_map-_home_max_Documents_PhD_MAPF_LNS_MAPF_LNS_SAT_mapf-scen-even_scen-even_room-32-32-4-even-3_scen-agents10-idx0-seed42-1761027728173,0,0,682,1.000000,2,10,0,53,1,4,6404347,54930,0.000000,17918.780000,5966.987000,5102.903000,67.706755,1
_home_max_Documents_PhD_MAPF_LNS_MAPF_LNS_SAT_mapf-map_room-32-32-4_map-_home_max_Documents_PhD_MAPF_LNS_MAPF_LNS_SAT_mapf-scen-even_scen-even_room-32-32-4-even-3_scen-agents10-idx1-seed42-1761027752397,0,0,682,1.000000,2,10,0,50,1,1,6271252,57506,0.000000,22888.608000,5099.182000,5098.929000,42.062891,1
_home_max_Documents_PhD_MAPF_LNS_MAPF_LNS_SAT_mapf-map_room-32-32-4_map-_home_max_Documents_PhD_MAPF_LNS_MAPF_LNS_SAT_mapf-scen-even_scen-even_room-32-32-4-even-3_scen-agents10-idx2-seed42-1761027781532,0,0,682,1.000000,6,10,0,54,1,8,3509222,38051,0.000000,7310.560000,3032.122000,2589.681000,46.227695,1
_home_max_Documents_PhD_MAPF_LNS_MAPF_LNS_SAT_mapf-map_room-32-32-4_map-_home_max_Documents_PhD_MAPF_LNS_MAPF_LNS_SAT_mapf-scen-even_scen-even_room-32-32-4-even-3_scen-agents10-idx3-seed42-1761027792064,0,0,682,1.000000,5,10,0,54,1,2,2758772,39985,0.000000,4570.285000,2247.796000,2217.140000,24.072793,1
_home_max_Documents_PhD_MAPF_LNS_MAPF_LNS_SAT_mapf-map_room-32-32-4_map-_home_max_Documents_PhD_MAPF_LNS_MAPF_LNS_SAT_mapf-scen-even_scen-even_room-32-32-4-even-3_scen-agents10-idx4-seed42-1761027799088,0,0,682,1.000000,1,10,0,46,1,16,3304866,38206,0.001000,6321.939000,2928.787000,2501.967000,61.985257,1
_home_max_Documents_PhD_MAPF_LNS_MAPF_LNS_SAT_mapf-map_room-32-32-4_map-_home_max_Documents_PhD_MAPF_LNS_MAPF_LNS_SAT_mapf-scen-even_scen-even_room-32-32-4-even-3_scen-agents10-idx5-seed42-1761027808519,0,0,682,1.000000,6,10,0,54,1,6,3599558,40881,0.000000,7779.333000,3097.076000,2642.777000,45.446234,1
_home_max_Documents_PhD_MAPF_LNS_MAPF_LNS_SAT_mapf-map_room-32-32-4_map-_home_max_Documents_PhD_MAPF_LNS_MAPF_LNS_SAT_mapf-scen-even_scen-even_room-32-32-4-even-3_scen-agents10-idx6-seed42-1761027819612,0,0,682,1.000000,4,10,0,59,1,7,7840619,66414,0.000000,21630.420000,7106.374000,6089.640000,99.604909,1
_home_max_Documents_PhD_MAPF_LNS_MAPF_LNS_SAT_mapf-map_room-32-32-4_map-_home_max_Documents_PhD_MAPF_LNS_MAPF_LNS_SAT_mapf-scen-even_scen-even_room-32-32-4-even-3_scen-agents10-idx7-seed42-1761027848718,0,0,682,1.000000,2,10,0,54,1,11,6470199,59120,0.000000,16631.931000,6067.711000,5189.707000,97.908691,1
_home_max_Documents_PhD_MAPF_LNS_MAPF_LNS_SAT_mapf-map_room-32-32-4_map-_home_max_Documents_PhD_MAPF_LNS_MAPF_LNS_SAT_mapf-scen-even_scen-even_room-32-32-4-even-3_scen-agents10-idx8-seed42-1761027871747,0,0,682,1.000000,5,10,0,50,1,3,4403056,44925,0.000000,17217.328000,3723.274000,3185.592000,44.913550,1
_home_max_Documents_PhD_MAPF_LNS_MAPF_LNS_SAT_mapf-map_room-32-32-4_map-_home_max_Documents_PhD_MAPF_LNS_MAPF_LNS_SAT_mapf-scen-even_scen-even_room-32-32-4-even-3_scen-agents10-idx9-seed42-1761027892919,0,0,682,1.000000,16,10,0,54,1,19,6449836,58907,0.000000,17637.248000,6064.749000,5179.550000,131.214525,1
_home_max_Documents_PhD_MAPF_LNS_MAPF_LNS_SAT_mapf-map_room-32-32-4_map-_home_max_Documents_PhD_MAPF_LNS_MAPF_LNS_SAT_mapf-scen-even_scen-even_room-32-32-4-even-3_scen-agents10-idx10-seed42-1761027916962,0,0,682,1.000000,10,10,0,49,1,7,4546016,40882,0.000000,10847.259000,3791.460000,3230.203000,53.760179,1
_home_max_Documents_PhD_MAPF_LNS_MAPF_LNS_SAT_mapf-map_room-32-32-4_map-_home_max_Documents_PhD_MAPF_LNS_MAPF_LNS_SAT_mapf-scen-even_scen-even_room-32-32-4-even-3_scen-agents10-idx11-seed42-1761027931855,0,0,682,1.000000,7,10,0,57,1,8,5337266,57126,0.001000,15249.981000,4529.898000,3866.917000,76.030125,1
_home_max_Documents_PhD_MAPF_LNS_MAPF_LNS_SAT_mapf-map_room-32-32-4_map-_home_max_Documents_PhD_MAPF_LNS_MAPF_LNS_SAT_mapf-scen-even_scen-even_room-32-32-4-even-3_scen-agents10-idx12-seed42-1761027951910,0,0,682,1.000000,2,10,0,44,1,4,1645803,25072,0.000000,3236.921000,2543.605000,2524.634000,15.782919,0
_home_max_Documents_PhD_MAPF_LNS_MAPF_LNS_SAT_mapf-map_room-32-32-4_map-_home_max_Documents_PhD_MAPF_LNS_MAPF_LNS_SAT_mapf-scen-even_scen-even_room-32-32-4-even-3_scen-agents10-idx12-seed42-1761027951910,1,0,682,1.000000,5,10,0,45,1,9,1888508,27631,0.001000,3744.015000,1520.513000,1497.650000,29.809039,1
_home_max_Documents_PhD_MAPF_LNS_MAPF_LNS_SAT_mapf-map_room-32-32-4_map-_home_max_Documents_PhD_MAPF_LNS_MAPF_LNS_SAT_mapf-scen-even_scen-even_room-32-32-4-even-1_scen-agents20-idx0-seed42-1761027969182,0,0,682,1.000000,17,20,0,50,1,15,9216259,93180,0.001000,62132.512000,8320.282000,7061.734000,214.416616,1
_home_max_Documents_PhD_MAPF_LNS_MAPF_LNS_SAT_mapf-map_room-32-32-4_map-_home_max_Documents_PhD_MAPF_LNS_MAPF_LNS_SAT_mapf-scen-even_scen-even_room-32-32-4-even-1_scen-agents20-idx1-seed42-1761028040105,0,0,682,1.000000,9,20,0,51,1,15,8081995,85099,0.001000,35075.968000,7380.783000,6263.743000,172.501497,1
_home_max_Documents_PhD_MAPF_LNS_MAPF_LNS_SAT_mapf-map_room-32-32-4_map-_home_max_Documents_PhD_MAPF_LNS_MAPF_LNS_SAT_mapf-scen-even_scen-even_room-32-32-4-even-1_scen-agents20-idx2-seed42-1761028082985,0,0,682,1.000000,19,20,0,54,1,11,12320910,111296,0.001000,80506.109000,12392.244000,10539.782000,210.421530,1
_home_max_Documents_PhD_MAPF_LNS_MAPF_LNS_SAT_mapf-map_room-32-32-4_map-_home_max_Documents_PhD_MAPF_LNS_MAPF_LNS_SAT_mapf-scen-even_scen-even_room-32-32-4-even-1_scen-agents20-idx3-seed42-1761028176506,0,0,682,1.000000,33,20,0,54,1,13,10403552,100407,0.001000,51888.287000,9244.537000,7838.519000,210.671561,1
_home_max_Documents_PhD_MAPF_LNS_MAPF_LNS_SAT_mapf-map_room-32-32-4_map-_home_max_Documents_PhD_MAPF_LNS_MAPF_LNS_SAT_mapf-scen-even_scen-even_room-32-32-4-even-1_scen-agents20-idx4-seed42-1761028238182,0,0,682,1.000000,14,20,0,55,1,23,11751848,115189,0.002000,71431.936000,10739.310000,9056.786000,357.782943,1
_home_max_Documents_PhD_MAPF_LNS_MAPF_LNS_SAT_mapf-map_room-32-32-4_map-_home_max_Documents_PhD_MAPF_LNS_MAPF_LNS_SAT_mapf-scen-even_scen-even_room-32-32-4-even-1_scen-agents20-idx5-seed42-1761028320948,0,0,682,1.000000,36,20,0,53,1,13,7266340,82531,0.001000,29195.746000,6816.878000,5805.626000,144.438449,1
_home_max_Documents_PhD_MAPF_LNS_MAPF_LNS_SAT_mapf-map_room-32-32-4_map-_home_max_Documents_PhD_MAPF_LNS_MAPF_LNS_SAT_mapf-scen-even_scen-even_room-32-32-4-even-2_scen-agents20-idx0-seed42-1761028357357,0,0,682,1.000000,21,20,0,51,1,21,7474350,77689,0.001000,31324.904000,97749.624000,84889.950000,952.129771,1
