experiment_id,makespan_attempt,zone_attempt,waiting_attempt,waiting_budget,zone_positions,segment_count,agent_count,start_t,end_t,cnf_clauses,cnf_variables,mdd_build_ms,cnf_build_ms,attempt_wall_ms,lazy_iterations,lazy_total_wall_ms,lazy_solver_wall_ms,lazy_solver_reported_ms,applied_waiting,extended_window,solved
_home_max_Documents_PhD_MAPF_LNS_MAPF_LNS_SAT_mapf-map_room-32-32-4_map-_home_max_Documents_PhD_MAPF_LNS_MAPF_LNS_SAT_mapf-scen-even_scen-even_room-32-32-4-even-1_scen-agents10-idx0-seed42-1761027369448,0,0,0,0,682,10,10,0,46,2653501,32505,0.000000,6087.253000,8378.222000,21,2285.530000,2240.973000,55.704040,0,0,1
_home_max_Documents_PhD_MAPF_LNS_MAPF_LNS_SAT_mapf-map_room-32-32-4_map-_home_max_Documents_PhD_MAPF_LNS_MAPF_LNS_SAT_mapf-scen-even_scen-even_room-32-32-4-even-1_scen-agents10-idx1-seed42-1761027377980,0,0,0,0,682,10,10,0,50,5119599,48048,0.000000,14712.860000,19639.236000,15,4916.542000,4237.207000,105.307567,0,0,1
_home_max_Documents_PhD_MAPF_LNS_MAPF_LNS_SAT_mapf-map_room-32-32-4_map-_home_max_Documents_PhD_MAPF_LNS_MAPF_LNS_SAT_mapf-scen-even_scen-even_room-32-32-4-even-1_scen-agents10-idx2-seed42-1761027397891,0,0,0,0,682,10,10,0,51,4335945,45305,0.000000,10029.040000,14393.984000,15,4356.246000,3797.951000,77.033207,0,0,1
_home_max_Documents_PhD_MAPF_LNS_MAPF_LNS_SAT_mapf-map_room-32-32-4_map-_home_max_Documents_PhD_MAPF_LNS_MAPF_LNS_SAT_mapf-scen-even_scen-even_room-32-32-4-even-1_scen-agents10-idx3-seed42-1761027412533,0,0,0,0,682,10,10,0,47,2378265,27431,0.001000,4194.558000,6398.600000,7,2199.759000,2170.515000,29.203927,0,0,1
_home_max_Documents_PhD_MAPF_LNS_MAPF_LNS_SAT_mapf-map_room-32-32-4_map-_home_max_Documents_PhD_MAPF_LNS_MAPF_LNS_SAT_mapf-scen-even_scen-even_room-32-32-4-even-1_scen-agents10-idx4-seed42-1761027419100,0,0,0,0,682,10,10,0,54,6829598,58283,0.001000,21741.196000,28520.747000,2,6765.658000,5849.675000,64.800697,0,0,1
_home_max_Documents_PhD_MAPF_LNS_MAPF_LNS_SAT_mapf-map_room-32-32-4_map-_home_max_Documents_PhD_MAPF_LNS_MAPF_LNS_SAT_mapf-scen-even_scen-even_room-32-32-4-even-1_scen-agents10-idx6-seed42-1761027448008,0,0,0,0,682,10,10,0,54,4393653,46808,0.000000,8976.066000,12936.179000,4,3951.211000,3402.446000,47.935304,0,0,1
_home_max_Documents_PhD_MAPF_LNS_MAPF_LNS_SAT_mapf-map_room-32-32-4_map-_home_max_Documents_PhD_MAPF_LNS_MAPF_LNS_SAT_mapf-scen-even_scen-even_room-32-32-4-even-1_scen-agents10-idx7-seed42-1761027461204,0,0,0,0,682,10,10,0,52,4952480,45945,0.000000,12746.221000,17185.216000,10,4429.415000,3807.278000,70.405655,0,0,1
_home_max_Documents_PhD_MAPF_LNS_MAPF_LNS_SAT_mapf-map_room-32-32-4_map-_home_max_Documents_PhD_MAPF_LNS_MAPF_LNS_SAT_mapf-scen-even_scen-even_room-32-32-4-even-1_scen-agents10-idx8-seed42-1761027478662,0,0,0,0,682,10,10,0,54,4345184,47491,0.000000,8678.746000,12586.198000,2,3898.540000,3358.446000,42.413186,0,0,1
_home_max_Documents_PhD_MAPF_LNS_MAPF_LNS_SAT_mapf-map_room-32-32-4_map-_home_max_Documents_PhD_MAPF_LNS_MAPF_LNS_SAT_mapf-scen-even_scen-even_room-32-32-4-even-1_scen-agents10-idx10-seed42-1761027491558,0,0,0,0,682,10,10,0,53,4183735,45879,0.000000,10323.489000,14151.971000,8,3820.409000,3289.662000,59.677333,0,0,1
_home_max_Documents_PhD_MAPF_LNS_MAPF_LNS_SAT_mapf-map_room-32-32-4_map-_home_max_Documents_PhD_MAPF_LNS_MAPF_LNS_SAT_mapf-scen-even_scen-even_room-32-32-4-even-1_scen-agents10-idx11-seed42-1761027505947,0,0,0,0,682,10,10,0,53,3082498,36652,0.000000,5078.776000,8056.387000,9,2971.267000,2555.873000,40.566804,0,0,1
_home_max_Documents_PhD_MAPF_LNS_MAPF_LNS_SAT_mapf-map_room-32-32-4_map-_home_max_Documents_PhD_MAPF_LNS_MAPF_LNS_SAT_mapf-scen-even_scen-even_room-32-32-4-even-1_scen-agents10-idx12-seed42-1761027514227,0,0,0,0,682,10,10,0,41,708599,15810,0.000000,632.272000,1113.124000,2,479.392000,470.591000,6.741712,0,0,1
_home_max_Documents_PhD_MAPF_LNS_MAPF_LNS_SAT_mapf-map_room-32-32-4_map-_home_max_Documents_PhD_MAPF_LNS_MAPF_LNS_SAT_mapf-scen-even_scen-even_room-32-32-4-even-2_scen-agents10-idx0-seed42-1761027515432,0,0,0,0,682,10,10,0,51,4538790,42806,0.000000,11194.023000,15314.954000,2,4113.376000,3547.658000,43.058697,0,0,1
_home_max_Documents_PhD_MAPF_LNS_MAPF_LNS_SAT_mapf-map_room-32-32-4_map-_home_max_Documents_PhD_MAPF_LNS_MAPF_LNS_SAT_mapf-scen-even_scen-even_room-32-32-4-even-2_scen-agents10-idx1-seed42-1761027530977,0,0,0,0,682,10,10,0,50,2581272,31856,0.000000,5664.511000,7834.890000,8,2165.439000,2133.347000,32.231773,0,0,1
_home_max_Documents_PhD_MAPF_LNS_MAPF_LNS_SAT_mapf-map_room-32-32-4_map-_home_max_Documents_PhD_MAPF_LNS_MAPF_LNS_SAT_mapf-scen-even_scen-even_room-32-32-4-even-2_scen-agents10-idx2-seed42-1761027538954,0,0,0,0,682,10,10,0,54,4497498,47818,0.000000,12194.206000,16239.293000,3,4036.458000,3477.455000,47.475670,0,0,1
_home_max_Documents_PhD_MAPF_LNS_MAPF_LNS_SAT_mapf-map_room-32-32-4_map-_home_max_Documents_PhD_MAPF_LNS_MAPF_LNS_SAT_mapf-scen-even_scen-even_room-32-32-4-even-2_scen-agents10-idx3-seed42-1761027555415,0,0,0,0,682,10,10,0,51,5612780,53236,0.001000,16891.039000,22046.122000,13,5143.348000,4422.467000,100.427092,0,0,1
_home_max_Documents_PhD_MAPF_LNS_MAPF_LNS_SAT_mapf-map_room-32-32-4_map-_home_max_Documents_PhD_MAPF_LNS_MAPF_LNS_SAT_mapf-scen-even_scen-even_room-32-32-4-even-2_scen-agents10-idx4-seed42-1761027577750,0,0,0,0,682,10,10,0,53,6694282,57723,0.000000,17549.678000,24210.814000,9,6646.374000,5725.616000,91.105369,0,0,1
_home_max_Documents_PhD_MAPF_LNS_MAPF_LNS_SAT_mapf-map_room-32-32-4_map-_home_max_Documents_PhD_MAPF_LNS_MAPF_LNS_SAT_mapf-scen-even_scen-even_room-32-32-4-even-2_scen-agents10-idx5-seed42-1761027602287,0,0,0,0,682,10,10,0,49,2985261,36813,0.000000,4618.186000,7436.484000,1,2448.229000,2447.982000,21.228680,0,0,1
_home_max_Documents_PhD_MAPF_LNS_MAPF_LNS_SAT_mapf-map_room-32-32-4_map-_home_max_Documents_PhD_MAPF_LNS_MAPF_LNS_SAT_mapf-scen-even_scen-even_room-32-32-4-even-2_scen-agents10-idx6-seed42-1761027609897,0,0,0,0,682,10,10,0,55,6300710,60789,0.000000,18059.808000,24444.612000,3,6369.371000,5493.165000,67.137310,0,0,1
_home_max_Documents_PhD_MAPF_LNS_MAPF_LNS_SAT_mapf-map_room-32-32-4_map-_home_max_Documents_PhD_MAPF_LNS_MAPF_LNS_SAT_mapf-scen-even_scen-even_room-32-32-4-even-2_scen-agents10-idx7-seed42-1761027634646,0,0,0,0,682,10,10,0,54,5667245,54665,0.000000,14426.578000,19521.299000,2,5082.111000,4375.137000,54.486517,0,0,1
_home_max_Documents_PhD_MAPF_LNS_MAPF_LNS_SAT_mapf-map_room-32-32-4_map-_home_max_Documents_PhD_MAPF_LNS_MAPF_LNS_SAT_mapf-scen-even_scen-even_room-32-32-4-even-2_scen-agents10-idx8-seed42-1761027654461,0,0,0,0,682,10,10,0,48,2808821,33767,0.000000,5522.056000,7906.741000,3,2378.676000,2347.325000,25.939276,0,0,1
_home_max_Documents_PhD_MAPF_LNS_MAPF_LNS_SAT_mapf-map_room-32-32-4_map-_home_max_Documents_PhD_MAPF_LNS_MAPF_LNS_SAT_mapf-scen-even_scen-even_room-32-32-4-even-2_scen-agents10-idx9-seed42-1761027662534,0,0,0,0,682,10,10,0,54,5153386,52392,0.000000,13299.111000,17975.802000,7,4665.736000,4014.592000,66.710963,0,0,1
_home_max_Documents_PhD_MAPF_LNS_MAPF_LNS_SAT_mapf-map_room-32-32-4_map-_home_max_Documents_PhD_MAPF_LNS_MAPF_LNS_SAT_mapf-scen-even_scen-even_room-32-32-4-even-2_scen-agents10-idx10-seed42-1761027680804,0,0,0,0,682,10,10,0,53,3218646,40792,0.000000,4689.528000,7731.050000,3,3034.926000,2617.861000,35.365648,0,0,1
_home_max_Documents_PhD_MAPF_LNS_MAPF_LNS_SAT_mapf-map_room-32-32-4_map-_home_max_Documents_PhD_MAPF_LNS_MAPF_LNS_SAT_mapf-scen-even_scen-even_room-32-32-4-even-2_scen-agents10-idx11-seed42-1761027688726,0,0,0,0,682,10,10,0,56,5186416,55584,0.000000,12035.185000,16765.813000,3,4718.879000,4070.003000,54.983848,0,0,1
_home_max_Documents_PhD_MAPF_LNS_MAPF_LNS_SAT_mapf-map_room-32-32-4_map-_home_max_Documents_PhD_MAPF_LNS_MAPF_LNS_SAT_mapf-scen-even_scen-even_room-32-32-4-even-2_scen-agents10-idx12-seed42-1761027705763,0,0,0,0,682,10,10,0,55,6040861,52843,0.000000,15644.041000,22114.738000,19,6458.768000,5645.251000,111.657927,0,0,1
_home_max_Documents_PhD_MAPF_LNS_MAPF_LNS_SAT_mapf-map_room-32-32-4_map-_home_max_Documents_PhD_MAPF_LNS_MAPF_LNS_SAT_mapf-scen-even_scen-even_room-32-32-4-even-3_scen-agents10-idx0-seed42-1761027728173,0,0,0,0,682,10,10,0,53,6404347,54930,0.000000,17918.780000,23900.490000,4,5966.987000,5102.903000,67.706755,0,0,1
_home_max_Documents_PhD_MAPF_LNS_MAPF_LNS_SAT_mapf-map_room-32-32-4_map-_home_max_Documents_PhD_MAPF_LNS_MAPF_LNS_SAT_mapf-scen-even_scen-even_room-32-32-4-even-3_scen-agents10-idx1-seed42-1761027752397,0,0,0,0,682,10,10,0,50,6271252,57506,0.000000,22888.608000,28790.411000,1,5099.182000,5098.929000,42.062891,0,0,1
_home_max_Documents_PhD_MAPF_LNS_MAPF_LNS_SAT_mapf-map_room-32-32-4_map-_home_max_Documents_PhD_MAPF_LNS_MAPF_LNS_SAT_mapf-scen-even_scen-even_room-32-32-4-even-3_scen-agents10-idx2-seed42-1761027781532,0,0,0,0,682,10,10,0,54,3509222,38051,0.000000,7310.560000,10348.957000,8,3032.122000,2589.681000,46.227695,0,0,1
_home_max_Documents_PhD_MAPF_LNS_MAPF_LNS_SAT_mapf-map_room-32-32-4_map-_home_max_Documents_PhD_MAPF_LNS_MAPF_LNS_SAT_mapf-scen-even_scen-even_room-32-32-4-even-3_scen-agents10-idx3-seed42-1761027792064,0,0,0,0,682,10,10,0,54,2758772,39985,0.000000,4570.285000,6825.069000,2,2247.796000,2217.140000,24.072793,0,0,1
_home_max_Documents_PhD_MAPF_LNS_MAPF_LNS_SAT_mapf-map_room-32-32-4_map-_home_max_Documents_PhD_MAPF_LNS_MAPF_LNS_SAT_mapf-scen-even_scen-even_room-32-32-4-even-3_scen-agents10-idx4-seed42-1761027799088,0,0,0,0,682,10,10,0,46,3304866,38206,0.001000,6321.939000,9257.674000,16,2928.787000,2501.967000,61.985257,0,0,1
_home_max_Documents_PhD_MAPF_LNS_MAPF_LNS_SAT_mapf-map_room-32-32-4_map-_home_max_Documents_PhD_MAPF_LNS_MAPF_LNS_SAT_mapf-scen-even_scen-even_room-32-32-4-even-3_scen-agents10-idx5-seed42-1761027808519,0,0,0,0,682,10,10,0,54,3599558,40881,0.000000,7779.333000,10884.160000,6,3097.076000,2642.777000,45.446234,0,0,1
_home_max_Documents_PhD_MAPF_LNS_MAPF_LNS_SAT_mapf-map_room-32-32-4_map-_home_max_Documents_PhD_MAPF_LNS_MAPF_LNS_SAT_mapf-scen-even_scen-even_room-32-32-4-even-3_scen-agents10-idx6-seed42-1761027819612,0,0,0,0,682,10,10,0,59,7840619,66414,0.000000,21630.420000,28754.675000,7,7106.374000,6089.640000,99.604909,0,0,1
_home_max_Documents_PhD_MAPF_LNS_MAPF_LNS_SAT_mapf-map_room-32-32-4_map-_home_max_Documents_PhD_MAPF_LNS_MAPF_LNS_SAT_mapf-scen-even_scen-even_room-32-32-4-even-3_scen-agents10-idx7-seed42-1761027848718,0,0,0,0,682,10,10,0,54,6470199,59120,0.000000,16631.931000,22714.411000,11,6067.711000,5189.707000,97.908691,0,0,1
_home_max_Documents_PhD_MAPF_LNS_MAPF_LNS_SAT_mapf-map_room-32-32-4_map-_home_max_Documents_PhD_MAPF_LNS_MAPF_LNS_SAT_mapf-scen-even_scen-even_room-32-32-4-even-3_scen-agents10-idx8-seed42-1761027871747,0,0,0,0,682,10,10,0,50,4403056,44925,0.000000,17217.328000,20948.392000,3,3723.274000,3185.592000,44.913550,0,0,1
_home_max_Documents_PhD_MAPF_LNS_MAPF_LNS_SAT_mapf-map_room-32-32-4_map-_home_max_Documents_PhD_MAPF_LNS_MAPF_LNS_SAT_mapf-scen-even_scen-even_room-32-32-4-even-3_scen-agents10-idx9-seed42-1761027892919,0,0,0,0,682,10,10,0,54,6449836,58907,0.000000,17637.248000,23716.024000,19,6064.749000,5179.550000,131.214525,0,0,1
_home_max_Documents_PhD_MAPF_LNS_MAPF_LNS_SAT_mapf-map_room-32-32-4_map-_home_max_Documents_PhD_MAPF_LNS_MAPF_LNS_SAT_mapf-scen-even_scen-even_room-32-32-4-even-3_scen-agents10-idx10-seed42-1761027916962,0,0,0,0,682,10,10,0,49,4546016,40882,0.000000,10847.259000,14646.371000,7,3791.460000,3230.203000,53.760179,0,0,1
_home_max_Documents_PhD_MAPF_LNS_MAPF_LNS_SAT_mapf-map_room-32-32-4_map-_home_max_Documents_PhD_MAPF_LNS_MAPF_LNS_SAT_mapf-scen-even_scen-even_room-32-32-4-even-3_scen-agents10-idx11-seed42-1761027931855,0,0,0,0,682,10,10,0,57,5337266,57126,0.001000,15249.981000,19790.529000,8,4529.898000,3866.917000,76.030125,0,0,1
_home_max_Documents_PhD_MAPF_LNS_MAPF_LNS_SAT_mapf-map_room-32-32-4_map-_home_max_Documents_PhD_MAPF_LNS_MAPF_LNS_SAT_mapf-scen-even_scen-even_room-32-32-4-even-3_scen-agents10-idx12-seed42-1761027951910,0,0,0,0,682,10,10,0,44,1645803,25072,0.000000,3236.921000,5785.299000,4,2543.605000,2524.634000,15.782919,0,0,0
_home_max_Documents_PhD_MAPF_LNS_MAPF_LNS_SAT_mapf-map_room-32-32-4_map-_home_max_Documents_PhD_MAPF_LNS_MAPF_LNS_SAT_mapf-scen-even_scen-even_room-32-32-4-even-3_scen-agents10-idx12-seed42-1761027951910,1,0,0,0,682,10,10,0,45,1888508,27631,0.001000,3744.015000,5267.592000,9,1520.513000,1497.650000,29.809039,0,0,1
_home_max_Documents_PhD_MAPF_LNS_MAPF_LNS_SAT_mapf-map_room-32-32-4_map-_home_max_Documents_PhD_MAPF_LNS_MAPF_LNS_SAT_mapf-scen-even_scen-even_room-32-32-4-even-1_scen-agents20-idx0-seed42-1761027969182,0,0,0,0,682,20,20,0,50,9216259,93180,0.001000,62132.512000,70476.699000,15,8320.282000,7061.734000,214.416616,0,0,1
_home_max_Documents_PhD_MAPF_LNS_MAPF_LNS_SAT_mapf-map_room-32-32-4_map-_home_max_Documents_PhD_MAPF_LNS_MAPF_LNS_SAT_mapf-scen-even_scen-even_room-32-32-4-even-1_scen-agents20-idx1-seed42-1761028040105,0,0,0,0,682,20,20,0,51,8081995,85099,0.001000,35075.968000,42477.934000,15,7380.783000,6263.743000,172.501497,0,0,1
_home_max_Documents_PhD_MAPF_LNS_MAPF_LNS_SAT_mapf-map_room-32-32-4_map-_home_max_Documents_PhD_MAPF_LNS_MAPF_LNS_SAT_mapf-scen-even_scen-even_room-32-32-4-even-1_scen-agents20-idx2-seed42-1761028082985,0,0,0,0,682,20,20,0,54,12320910,111296,0.001000,80506.109000,92928.894000,11,12392.244000,10539.782000,210.421530,0,0,1
_home_max_Documents_PhD_MAPF_LNS_MAPF_LNS_SAT_mapf-map_room-32-32-4_map-_home_max_Documents_PhD_MAPF_LNS_MAPF_LNS_SAT_mapf-scen-even_scen-even_room-32-32-4-even-1_scen-agents20-idx3-seed42-1761028176506,0,0,0,0,682,20,20,0,54,10403552,100407,0.001000,51888.287000,61159.502000,13,9244.537000,7838.519000,210.671561,0,0,1
_home_max_Documents_PhD_MAPF_LNS_MAPF_LNS_SAT_mapf-map_room-32-32-4_map-_home_max_Documents_PhD_MAPF_LNS_MAPF_LNS_SAT_mapf-scen-even_scen-even_room-32-32-4-even-1_scen-agents20-idx4-seed42-1761028238182,0,0,0,0,682,20,20,0,55,11751848,115189,0.002000,71431.936000,82201.709000,23,10739.310000,9056.786000,357.782943,0,0,1
_home_max_Documents_PhD_MAPF_LNS_MAPF_LNS_SAT_mapf-map_room-32-32-4_map-_home_max_Documents_PhD_MAPF_LNS_MAPF_LNS_SAT_mapf-scen-even_scen-even_room-32-32-4-even-1_scen-agents20-idx5-seed42-1761028320948,0,0,0,0,682,20,20,0,53,7266340,82531,0.001000,29195.746000,36032.794000,13,6816.878000,5805.626000,144.438449,0,0,1
_home_max_Documents_PhD_MAPF_LNS_MAPF_LNS_SAT_mapf-map_room-32-32-4_map-_home_max_Documents_PhD_MAPF_LNS_MAPF_LNS_SAT_mapf-scen-even_scen-even_room-32-32-4-even-2_scen-agents20-idx0-seed42-1761028357357,0,0,0,0,682,20,20,0,51,7474350,77689,0.001000,31324.904000,129999.140000,21,97749.624000,84889.950000,952.129771,0,0,1
