experiment_id,makespan_attempt,zone_attempt,zone_positions,zone_fraction,conflicts,agents,start_t,end_t,waiting_attempts,total_lazy_iterations,total_cnf_clauses,total_mdd_build_ms,total_cnf_build_ms,total_lazy_wall_ms,total_lazy_solver_wall_ms,total_lazy_solver_reported_ms,solved
_home_max_Documents_PhD_MAPF_LNS_MAPF_LNS_SAT_mapf-map_empty-32-32_map-_home_max_Documents_PhD_MAPF_LNS_MAPF_LNS_SAT_mapf-scen-even_scen-even_empty-32-32-even-1_scen-agents20-idx0-seed42-1760805332438,0,0,5,0.005,1,2,15,17,3,5,81,0.000,0.056,0.326,0.241,0.000,1
_home_max_Documents_PhD_MAPF_LNS_MAPF_LNS_SAT_mapf-map_empty-32-32_map-_home_max_Documents_PhD_MAPF_LNS_MAPF_LNS_SAT_mapf-scen-even_scen-even_empty-32-32-even-1_scen-agents20-idx0-seed42-1760805332438,0,0,5,0.005,1,2,18,20,1,2,25,0.000,0.015,0.064,0.042,0.000,1
_home_max_Documents_PhD_MAPF_LNS_MAPF_LNS_SAT_mapf-map_empty-32-32_map-_home_max_Documents_PhD_MAPF_LNS_MAPF_LNS_SAT_mapf-scen-even_scen-even_empty-32-32-even-1_scen-agents20-idx0-seed42-1760805332438,0,0,5,0.005,1,2,18,20,4,7,182,0.000,0.119,0.236,0.193,0.000,0
_home_max_Documents_PhD_MAPF_LNS_MAPF_LNS_SAT_mapf-map_empty-32-32_map-_home_max_Documents_PhD_MAPF_LNS_MAPF_LNS_SAT_mapf-scen-even_scen-even_empty-32-32-even-1_scen-agents20-idx0-seed42-1760805332438,0,1,13,0.013,1,3,17,21,1,2,24,0.000,0.017,0.058,0.033,0.000,1
_home_max_Documents_PhD_MAPF_LNS_MAPF_LNS_SAT_mapf-map_empty-32-32_map-_home_max_Documents_PhD_MAPF_LNS_MAPF_LNS_SAT_mapf-scen-even_scen-even_empty-32-32-even-1_scen-agents20-idx1-seed42-1760805332527,0,0,5,0.005,1,2,13,15,2,3,28,0.000,0.022,0.134,0.104,0.000,1
_home_max_Documents_PhD_MAPF_LNS_MAPF_LNS_SAT_mapf-map_empty-32-32_map-_home_max_Documents_PhD_MAPF_LNS_MAPF_LNS_SAT_mapf-scen-even_scen-even_empty-32-32-even-1_scen-agents20-idx1-seed42-1760805332527,0,0,5,0.005,1,2,19,21,1,1,24,0.000,0.015,0.045,0.036,0.000,1
_home_max_Documents_PhD_MAPF_LNS_MAPF_LNS_SAT_mapf-map_empty-32-32_map-_home_max_Documents_PhD_MAPF_LNS_MAPF_LNS_SAT_mapf-scen-even_scen-even_empty-32-32-even-1_scen-agents30-idx0-seed42-1760805332609,0,0,8,0.008,1,2,1,3,1,1,14,0.000,0.012,0.087,0.072,0.000,1
_home_max_Documents_PhD_MAPF_LNS_MAPF_LNS_SAT_mapf-map_empty-32-32_map-_home_max_Documents_PhD_MAPF_LNS_MAPF_LNS_SAT_mapf-scen-even_scen-even_empty-32-32-even-1_scen-agents30-idx0-seed42-1760805332609,0,0,4,0.004,1,2,8,10,1,2,20,0.000,0.013,0.066,0.042,0.000,1
_home_max_Documents_PhD_MAPF_LNS_MAPF_LNS_SAT_mapf-map_empty-32-32_map-_home_max_Documents_PhD_MAPF_LNS_MAPF_LNS_SAT_mapf-scen-even_scen-even_empty-32-32-even-1_scen-agents30-idx0-seed42-1760805332609,0,0,5,0.005,1,2,15,17,3,5,81,0.000,0.052,0.150,0.111,0.000,1
_home_max_Documents_PhD_MAPF_LNS_MAPF_LNS_SAT_mapf-map_empty-32-32_map-_home_max_Documents_PhD_MAPF_LNS_MAPF_LNS_SAT_mapf-scen-even_scen-even_empty-32-32-even-1_scen-agents30-idx0-seed42-1760805332609,0,0,5,0.005,1,2,18,20,1,2,25,0.000,0.014,0.060,0.041,0.000,1
_home_max_Documents_PhD_MAPF_LNS_MAPF_LNS_SAT_mapf-map_empty-32-32_map-_home_max_Documents_PhD_MAPF_LNS_MAPF_LNS_SAT_mapf-scen-even_scen-even_empty-32-32-even-1_scen-agents30-idx0-seed42-1760805332609,0,0,5,0.005,1,3,18,20,4,7,186,0.000,0.119,0.251,0.202,0.000,0
_home_max_Documents_PhD_MAPF_LNS_MAPF_LNS_SAT_mapf-map_empty-32-32_map-_home_max_Documents_PhD_MAPF_LNS_MAPF_LNS_SAT_mapf-scen-even_scen-even_empty-32-32-even-1_scen-agents30-idx0-seed42-1760805332609,0,1,13,0.013,1,4,17,21,1,2,29,0.000,0.024,0.066,0.038,0.000,1
_home_max_Documents_PhD_MAPF_LNS_MAPF_LNS_SAT_mapf-map_empty-32-32_map-_home_max_Documents_PhD_MAPF_LNS_MAPF_LNS_SAT_mapf-scen-even_scen-even_empty-32-32-even-1_scen-agents30-idx0-seed42-1760805332609,0,0,5,0.005,1,2,19,21,1,2,25,0.000,0.014,0.060,0.040,0.000,1
_home_max_Documents_PhD_MAPF_LNS_MAPF_LNS_SAT_mapf-map_empty-32-32_map-_home_max_Documents_PhD_MAPF_LNS_MAPF_LNS_SAT_mapf-scen-even_scen-even_empty-32-32-even-1_scen-agents30-idx1-seed42-1760805332697,0,0,5,0.005,1,2,6,8,4,7,179,0.000,0.105,0.300,0.249,0.000,0
_home_max_Documents_PhD_MAPF_LNS_MAPF_LNS_SAT_mapf-map_empty-32-32_map-_home_max_Documents_PhD_MAPF_LNS_MAPF_LNS_SAT_mapf-scen-even_scen-even_empty-32-32-even-1_scen-agents30-idx1-seed42-1760805332697,0,1,12,0.012,1,2,5,9,2,5,93,0.000,0.049,0.189,0.127,0.000,1
_home_max_Documents_PhD_MAPF_LNS_MAPF_LNS_SAT_mapf-map_empty-32-32_map-_home_max_Documents_PhD_MAPF_LNS_MAPF_LNS_SAT_mapf-scen-even_scen-even_empty-32-32-even-1_scen-agents30-idx1-seed42-1760805332697,0,0,5,0.005,1,2,6,8,4,7,215,0.000,0.118,0.285,0.236,0.000,0
_home_max_Documents_PhD_MAPF_LNS_MAPF_LNS_SAT_mapf-map_empty-32-32_map-_home_max_Documents_PhD_MAPF_LNS_MAPF_LNS_SAT_mapf-scen-even_scen-even_empty-32-32-even-1_scen-agents30-idx1-seed42-1760805332697,0,1,13,0.013,1,4,5,9,1,2,30,0.000,0.020,0.072,0.043,0.000,1
_home_max_Documents_PhD_MAPF_LNS_MAPF_LNS_SAT_mapf-map_empty-32-32_map-_home_max_Documents_PhD_MAPF_LNS_MAPF_LNS_SAT_mapf-scen-even_scen-even_empty-32-32-even-1_scen-agents30-idx1-seed42-1760805332697,0,0,8,0.008,1,2,8,10,3,7,118,0.000,0.056,0.290,0.152,0.000,1
_home_max_Documents_PhD_MAPF_LNS_MAPF_LNS_SAT_mapf-map_empty-32-32_map-_home_max_Documents_PhD_MAPF_LNS_MAPF_LNS_SAT_mapf-scen-even_scen-even_empty-32-32-even-1_scen-agents30-idx1-seed42-1760805332697,0,0,5,0.005,1,2,8,10,2,3,29,0.000,0.018,0.065,0.041,0.000,1
_home_max_Documents_PhD_MAPF_LNS_MAPF_LNS_SAT_mapf-map_empty-32-32_map-_home_max_Documents_PhD_MAPF_LNS_MAPF_LNS_SAT_mapf-scen-even_scen-even_empty-32-32-even-1_scen-agents30-idx1-seed42-1760805332697,0,0,8,0.008,1,4,9,11,3,9,119,0.000,0.080,0.326,0.230,0.000,1
_home_max_Documents_PhD_MAPF_LNS_MAPF_LNS_SAT_mapf-map_empty-32-32_map-_home_max_Documents_PhD_MAPF_LNS_MAPF_LNS_SAT_mapf-scen-even_scen-even_empty-32-32-even-1_scen-agents30-idx1-seed42-1760805332697,0,0,5,0.005,1,2,12,14,1,2,25,0.000,0.012,0.059,0.039,0.000,1
_home_max_Documents_PhD_MAPF_LNS_MAPF_LNS_SAT_mapf-map_empty-32-32_map-_home_max_Documents_PhD_MAPF_LNS_MAPF_LNS_SAT_mapf-scen-even_scen-even_empty-32-32-even-1_scen-agents30-idx1-seed42-1760805332697,0,0,5,0.005,1,2,15,17,2,3,29,0.000,0.019,0.070,0.045,0.000,1
_home_max_Documents_PhD_MAPF_LNS_MAPF_LNS_SAT_mapf-map_empty-32-32_map-_home_max_Documents_PhD_MAPF_LNS_MAPF_LNS_SAT_mapf-scen-even_scen-even_empty-32-32-even-1_scen-agents30-idx1-seed42-1760805332697,0,0,5,0.005,2,3,18,21,2,8,134,0.000,0.074,0.276,0.187,0.000,1
_home_max_Documents_PhD_MAPF_LNS_MAPF_LNS_SAT_mapf-map_empty-32-32_map-_home_max_Documents_PhD_MAPF_LNS_MAPF_LNS_SAT_mapf-scen-even_scen-even_empty-32-32-even-1_scen-agents30-idx1-seed42-1760805332697,0,0,5,0.005,1,2,18,20,1,1,24,0.000,0.014,0.043,0.033,0.000,1
_home_max_Documents_PhD_MAPF_LNS_MAPF_LNS_SAT_mapf-map_empty-32-32_map-_home_max_Documents_PhD_MAPF_LNS_MAPF_LNS_SAT_mapf-scen-even_scen-even_empty-32-32-even-1_scen-agents30-idx1-seed42-1760805332697,0,0,5,0.005,1,2,30,32,1,1,24,0.000,0.014,0.040,0.031,0.000,1
_home_max_Documents_PhD_MAPF_LNS_MAPF_LNS_SAT_mapf-map_empty-32-32_map-_home_max_Documents_PhD_MAPF_LNS_MAPF_LNS_SAT_mapf-scen-even_scen-even_empty-32-32-even-1_scen-agents30-idx1-seed42-1760805332697,0,0,5,0.005,1,3,42,44,1,2,33,0.000,0.021,0.071,0.045,0.000,1
_home_max_Documents_PhD_MAPF_LNS_MAPF_LNS_SAT_mapf-map_empty-32-32_map-_home_max_Documents_PhD_MAPF_LNS_MAPF_LNS_SAT_mapf-scen-even_scen-even_empty-32-32-even-1_scen-agents20-idx0-seed42-1760862895650,0,0,5,0.005,1,2,15,17,3,5,81,0.000,0.065,0.310,0.252,0.053,1
_home_max_Documents_PhD_MAPF_LNS_MAPF_LNS_SAT_mapf-map_empty-32-32_map-_home_max_Documents_PhD_MAPF_LNS_MAPF_LNS_SAT_mapf-scen-even_scen-even_empty-32-32-even-1_scen-agents20-idx0-seed42-1760862895650,0,0,5,0.005,1,2,18,20,1,2,25,0.000,0.015,0.081,0.050,0.005,1
_home_max_Documents_PhD_MAPF_LNS_MAPF_LNS_SAT_mapf-map_empty-32-32_map-_home_max_Documents_PhD_MAPF_LNS_MAPF_LNS_SAT_mapf-scen-even_scen-even_empty-32-32-even-1_scen-agents20-idx0-seed42-1760862895650,0,0,5,0.005,1,2,18,20,4,7,182,0.000,0.109,0.246,0.193,0.010,0
_home_max_Documents_PhD_MAPF_LNS_MAPF_LNS_SAT_mapf-map_empty-32-32_map-_home_max_Documents_PhD_MAPF_LNS_MAPF_LNS_SAT_mapf-scen-even_scen-even_empty-32-32-even-1_scen-agents20-idx0-seed42-1760862895650,0,1,13,0.013,1,3,17,21,1,2,24,0.005,0.022,0.064,0.036,0.002,1
_home_max_Documents_PhD_MAPF_LNS_MAPF_LNS_SAT_mapf-map_empty-32-32_map-_home_max_Documents_PhD_MAPF_LNS_MAPF_LNS_SAT_mapf-scen-even_scen-even_empty-32-32-even-1_scen-agents20-idx1-seed42-1760862895735,0,0,5,0.005,1,2,13,15,2,3,28,0.000,0.023,0.149,0.115,0.026,1
_home_max_Documents_PhD_MAPF_LNS_MAPF_LNS_SAT_mapf-map_empty-32-32_map-_home_max_Documents_PhD_MAPF_LNS_MAPF_LNS_SAT_mapf-scen-even_scen-even_empty-32-32-even-1_scen-agents20-idx1-seed42-1760862895735,0,0,5,0.005,1,2,19,21,1,1,24,0.000,0.016,0.060,0.040,0.004,1
_home_max_Documents_PhD_MAPF_LNS_MAPF_LNS_SAT_mapf-map_empty-32-32_map-_home_max_Documents_PhD_MAPF_LNS_MAPF_LNS_SAT_mapf-scen-even_scen-even_empty-32-32-even-1_scen-agents30-idx0-seed42-1760862895801,0,0,8,0.008,1,2,1,3,1,1,14,0.007,0.014,0.082,0.067,0.016,1
_home_max_Documents_PhD_MAPF_LNS_MAPF_LNS_SAT_mapf-map_empty-32-32_map-_home_max_Documents_PhD_MAPF_LNS_MAPF_LNS_SAT_mapf-scen-even_scen-even_empty-32-32-even-1_scen-agents30-idx0-seed42-1760862895801,0,0,4,0.004,1,2,8,10,1,2,20,0.000,0.013,0.070,0.041,0.005,1
_home_max_Documents_PhD_MAPF_LNS_MAPF_LNS_SAT_mapf-map_empty-32-32_map-_home_max_Documents_PhD_MAPF_LNS_MAPF_LNS_SAT_mapf-scen-even_scen-even_empty-32-32-even-1_scen-agents30-idx0-seed42-1760862895801,0,0,5,0.005,1,2,15,17,3,5,81,0.000,0.053,0.157,0.115,0.012,1
_home_max_Documents_PhD_MAPF_LNS_MAPF_LNS_SAT_mapf-map_empty-32-32_map-_home_max_Documents_PhD_MAPF_LNS_MAPF_LNS_SAT_mapf-scen-even_scen-even_empty-32-32-even-1_scen-agents30-idx0-seed42-1760862895801,0,0,5,0.005,1,2,18,20,1,2,25,0.000,0.015,0.067,0.042,0.003,1
_home_max_Documents_PhD_MAPF_LNS_MAPF_LNS_SAT_mapf-map_empty-32-32_map-_home_max_Documents_PhD_MAPF_LNS_MAPF_LNS_SAT_mapf-scen-even_scen-even_empty-32-32-even-1_scen-agents30-idx0-seed42-1760862895801,0,0,5,0.005,1,3,18,20,4,7,186,0.000,0.120,0.265,0.202,0.009,0
_home_max_Documents_PhD_MAPF_LNS_MAPF_LNS_SAT_mapf-map_empty-32-32_map-_home_max_Documents_PhD_MAPF_LNS_MAPF_LNS_SAT_mapf-scen-even_scen-even_empty-32-32-even-1_scen-agents30-idx0-seed42-1760862895801,0,1,13,0.013,1,4,17,21,1,2,29,0.000,0.027,0.065,0.037,0.002,1
_home_max_Documents_PhD_MAPF_LNS_MAPF_LNS_SAT_mapf-map_empty-32-32_map-_home_max_Documents_PhD_MAPF_LNS_MAPF_LNS_SAT_mapf-scen-even_scen-even_empty-32-32-even-1_scen-agents30-idx0-seed42-1760862895801,0,0,5,0.005,1,2,19,21,1,2,25,0.000,0.015,0.060,0.040,0.003,1
_home_max_Documents_PhD_MAPF_LNS_MAPF_LNS_SAT_mapf-map_empty-32-32_map-_home_max_Documents_PhD_MAPF_LNS_MAPF_LNS_SAT_mapf-scen-even_scen-even_empty-32-32-even-1_scen-agents30-idx1-seed42-1760862895892,0,0,5,0.005,1,2,6,8,4,7,179,0.000,0.105,0.310,0.261,0.024,0
_home_max_Documents_PhD_MAPF_LNS_MAPF_LNS_SAT_mapf-map_empty-32-32_map-_home_max_Documents_PhD_MAPF_LNS_MAPF_LNS_SAT_mapf-scen-even_scen-even_empty-32-32-even-1_scen-agents30-idx1-seed42-1760862895892,0,1,12,0.012,1,2,5,9,2,5,93,0.000,0.052,0.170,0.121,0.015,1
_home_max_Documents_PhD_MAPF_LNS_MAPF_LNS_SAT_mapf-map_empty-32-32_map-_home_max_Documents_PhD_MAPF_LNS_MAPF_LNS_SAT_mapf-scen-even_scen-even_empty-32-32-even-1_scen-agents30-idx1-seed42-1760862895892,0,0,5,0.005,1,2,6,8,4,7,215,0.000,0.116,0.315,0.265,0.031,0
_home_max_Documents_PhD_MAPF_LNS_MAPF_LNS_SAT_mapf-map_empty-32-32_map-_home_max_Documents_PhD_MAPF_LNS_MAPF_LNS_SAT_mapf-scen-even_scen-even_empty-32-32-even-1_scen-agents30-idx1-seed42-1760862895892,0,1,13,0.013,1,4,5,9,1,2,30,0.000,0.021,0.115,0.088,0.022,1
_home_max_Documents_PhD_MAPF_LNS_MAPF_LNS_SAT_mapf-map_empty-32-32_map-_home_max_Documents_PhD_MAPF_LNS_MAPF_LNS_SAT_mapf-scen-even_scen-even_empty-32-32-even-1_scen-agents30-idx1-seed42-1760862895892,0,0,8,0.008,1,2,8,10,3,7,118,0.000,0.058,0.247,0.188,0.015,1
_home_max_Documents_PhD_MAPF_LNS_MAPF_LNS_SAT_mapf-map_empty-32-32_map-_home_max_Documents_PhD_MAPF_LNS_MAPF_LNS_SAT_mapf-scen-even_scen-even_empty-32-32-even-1_scen-agents30-idx1-seed42-1760862895892,0,0,5,0.005,1,2,8,10,2,3,29,0.000,0.018,0.064,0.041,0.003,1
_home_max_Documents_PhD_MAPF_LNS_MAPF_LNS_SAT_mapf-map_empty-32-32_map-_home_max_Documents_PhD_MAPF_LNS_MAPF_LNS_SAT_mapf-scen-even_scen-even_empty-32-32-even-1_scen-agents30-idx1-seed42-1760862895892,0,0,8,0.008,1,4,9,11,3,9,119,0.000,0.078,0.300,0.191,0.044,1
_home_max_Documents_PhD_MAPF_LNS_MAPF_LNS_SAT_mapf-map_empty-32-32_map-_home_max_Documents_PhD_MAPF_LNS_MAPF_LNS_SAT_mapf-scen-even_scen-even_empty-32-32-even-1_scen-agents30-idx1-seed42-1760862895892,0,0,5,0.005,1,2,12,14,1,2,25,0.000,0.012,0.066,0.044,0.004,1
_home_max_Documents_PhD_MAPF_LNS_MAPF_LNS_SAT_mapf-map_empty-32-32_map-_home_max_Documents_PhD_MAPF_LNS_MAPF_LNS_SAT_mapf-scen-even_scen-even_empty-32-32-even-1_scen-agents30-idx1-seed42-1760862895892,0,0,5,0.005,1,2,15,17,2,3,29,0.000,0.019,0.068,0.045,0.003,1
_home_max_Documents_PhD_MAPF_LNS_MAPF_LNS_SAT_mapf-map_empty-32-32_map-_home_max_Documents_PhD_MAPF_LNS_MAPF_LNS_SAT_mapf-scen-even_scen-even_empty-32-32-even-1_scen-agents30-idx1-seed42-1760862895892,0,0,5,0.005,2,3,18,21,2,8,134,0.000,0.072,0.276,0.186,0.022,1
_home_max_Documents_PhD_MAPF_LNS_MAPF_LNS_SAT_mapf-map_empty-32-32_map-_home_max_Documents_PhD_MAPF_LNS_MAPF_LNS_SAT_mapf-scen-even_scen-even_empty-32-32-even-1_scen-agents30-idx1-seed42-1760862895892,0,0,5,0.005,1,2,18,20,1,1,24,0.000,0.015,0.045,0.035,0.003,1
_home_max_Documents_PhD_MAPF_LNS_MAPF_LNS_SAT_mapf-map_empty-32-32_map-_home_max_Documents_PhD_MAPF_LNS_MAPF_LNS_SAT_mapf-scen-even_scen-even_empty-32-32-even-1_scen-agents30-idx1-seed42-1760862895892,0,0,5,0.005,1,2,30,32,1,1,24,0.000,0.015,0.041,0.031,0.002,1
_home_max_Documents_PhD_MAPF_LNS_MAPF_LNS_SAT_mapf-map_empty-32-32_map-_home_max_Documents_PhD_MAPF_LNS_MAPF_LNS_SAT_mapf-scen-even_scen-even_empty-32-32-even-1_scen-agents30-idx1-seed42-1760862895892,0,0,5,0.005,1,3,42,44,1,2,33,0.000,0.022,0.071,0.046,0.003,1
_home_max_Documents_PhD_MAPF_LNS_MAPF_LNS_SAT_mapf-map_empty-32-32_map-_home_max_Documents_PhD_MAPF_LNS_MAPF_LNS_SAT_mapf-scen-even_scen-even_empty-32-32-even-1_scen-agents80-idx0-seed42-1760863183807,0,0,8,0.008,2,2,0,3,1,2,20,0.000,0.014,0.170,0.144,0.054,1
_home_max_Documents_PhD_MAPF_LNS_MAPF_LNS_SAT_mapf-map_empty-32-32_map-_home_max_Documents_PhD_MAPF_LNS_MAPF_LNS_SAT_mapf-scen-even_scen-even_empty-32-32-even-1_scen-agents80-idx0-seed42-1760863183807,0,0,5,0.005,1,3,0,2,2,3,30,0.000,0.018,0.093,0.066,0.005,1
_home_max_Documents_PhD_MAPF_LNS_MAPF_LNS_SAT_mapf-map_empty-32-32_map-_home_max_Documents_PhD_MAPF_LNS_MAPF_LNS_SAT_mapf-scen-even_scen-even_empty-32-32-even-1_scen-agents80-idx0-seed42-1760863183807,0,0,11,0.011,3,3,1,5,1,4,40,0.000,0.023,0.122,0.068,0.007,1
_home_max_Documents_PhD_MAPF_LNS_MAPF_LNS_SAT_mapf-map_empty-32-32_map-_home_max_Documents_PhD_MAPF_LNS_MAPF_LNS_SAT_mapf-scen-even_scen-even_empty-32-32-even-1_scen-agents80-idx0-seed42-1760863183807,0,0,8,0.008,1,3,1,3,1,1,17,0.000,0.011,0.040,0.029,0.002,1
_home_max_Documents_PhD_MAPF_LNS_MAPF_LNS_SAT_mapf-map_empty-32-32_map-_home_max_Documents_PhD_MAPF_LNS_MAPF_LNS_SAT_mapf-scen-even_scen-even_empty-32-32-even-1_scen-agents80-idx0-seed42-1760863183807,0,0,5,0.005,1,2,1,3,4,7,179,0.000,0.108,0.376,0.311,0.020,0
_home_max_Documents_PhD_MAPF_LNS_MAPF_LNS_SAT_mapf-map_empty-32-32_map-_home_max_Documents_PhD_MAPF_LNS_MAPF_LNS_SAT_mapf-scen-even_scen-even_empty-32-32-even-1_scen-agents80-idx0-seed42-1760863183807,0,1,13,0.013,1,3,0,4,1,1,27,0.000,0.019,0.048,0.035,0.003,1
_home_max_Documents_PhD_MAPF_LNS_MAPF_LNS_SAT_mapf-map_empty-32-32_map-_home_max_Documents_PhD_MAPF_LNS_MAPF_LNS_SAT_mapf-scen-even_scen-even_empty-32-32-even-1_scen-agents80-idx0-seed42-1760863183807,0,0,10,0.010,2,4,2,5,4,7,505,0.000,0.333,0.955,0.844,0.022,0
_home_max_Documents_PhD_MAPF_LNS_MAPF_LNS_SAT_mapf-map_empty-32-32_map-_home_max_Documents_PhD_MAPF_LNS_MAPF_LNS_SAT_mapf-scen-even_scen-even_empty-32-32-even-1_scen-agents80-idx0-seed42-1760863183807,0,1,19,0.019,2,5,1,6,1,2,53,0.000,0.050,0.227,0.162,0.063,1
_home_max_Documents_PhD_MAPF_LNS_MAPF_LNS_SAT_mapf-map_empty-32-32_map-_home_max_Documents_PhD_MAPF_LNS_MAPF_LNS_SAT_mapf-scen-even_scen-even_empty-32-32-even-1_scen-agents80-idx0-seed42-1760863183807,0,0,5,0.005,1,3,2,4,3,5,83,0.000,0.049,0.138,0.102,0.004,0
_home_max_Documents_PhD_MAPF_LNS_MAPF_LNS_SAT_mapf-map_empty-32-32_map-_home_max_Documents_PhD_MAPF_LNS_MAPF_LNS_SAT_mapf-scen-even_scen-even_empty-32-32-even-1_scen-agents80-idx0-seed42-1760863183807,0,1,13,0.013,1,4,1,5,1,1,37,0.000,0.026,0.061,0.048,0.004,1
_home_max_Documents_PhD_MAPF_LNS_MAPF_LNS_SAT_mapf-map_empty-32-32_map-_home_max_Documents_PhD_MAPF_LNS_MAPF_LNS_SAT_mapf-scen-even_scen-even_empty-32-32-even-1_scen-agents80-idx0-seed42-1760863183807,0,0,8,0.008,2,3,3,6,2,3,50,0.000,0.032,0.096,0.070,0.005,1
_home_max_Documents_PhD_MAPF_LNS_MAPF_LNS_SAT_mapf-map_empty-32-32_map-_home_max_Documents_PhD_MAPF_LNS_MAPF_LNS_SAT_mapf-scen-even_scen-even_empty-32-32-even-1_scen-agents80-idx0-seed42-1760863183807,0,0,5,0.005,1,3,3,5,3,5,84,0.000,0.052,0.155,0.115,0.011,1
_home_max_Documents_PhD_MAPF_LNS_MAPF_LNS_SAT_mapf-map_empty-32-32_map-_home_max_Documents_PhD_MAPF_LNS_MAPF_LNS_SAT_mapf-scen-even_scen-even_empty-32-32-even-1_scen-agents80-idx0-seed42-1760863183807,0,0,18,0.018,6,7,5,11,4,8,2543,0.000,1.378,2.220,2.085,0.046,0
_home_max_Documents_PhD_MAPF_LNS_MAPF_LNS_SAT_mapf-map_empty-32-32_map-_home_max_Documents_PhD_MAPF_LNS_MAPF_LNS_SAT_mapf-scen-even_scen-even_empty-32-32-even-1_scen-agents80-idx0-seed42-1760863183807,0,1,34,0.033,6,10,4,12,1,2,210,0.001,0.187,0.324,0.244,0.023,1
_home_max_Documents_PhD_MAPF_LNS_MAPF_LNS_SAT_mapf-map_empty-32-32_map-_home_max_Documents_PhD_MAPF_LNS_MAPF_LNS_SAT_mapf-scen-even_scen-even_empty-32-32-even-1_scen-agents80-idx0-seed42-1760863183807,0,0,8,0.008,2,5,5,8,2,4,151,0.000,0.120,0.313,0.245,0.022,1
_home_max_Documents_PhD_MAPF_LNS_MAPF_LNS_SAT_mapf-map_empty-32-32_map-_home_max_Documents_PhD_MAPF_LNS_MAPF_LNS_SAT_mapf-scen-even_scen-even_empty-32-32-even-1_scen-agents80-idx0-seed42-1760863183807,0,0,5,0.005,1,2,5,7,1,1,24,0.000,0.021,0.066,0.054,0.003,1
_home_max_Documents_PhD_MAPF_LNS_MAPF_LNS_SAT_mapf-map_empty-32-32_map-_home_max_Documents_PhD_MAPF_LNS_MAPF_LNS_SAT_mapf-scen-even_scen-even_empty-32-32-even-1_scen-agents80-idx0-seed42-1760863183807,0,0,5,0.005,1,2,6,8,4,7,179,0.000,0.132,0.343,0.280,0.014,0
_home_max_Documents_PhD_MAPF_LNS_MAPF_LNS_SAT_mapf-map_empty-32-32_map-_home_max_Documents_PhD_MAPF_LNS_MAPF_LNS_SAT_mapf-scen-even_scen-even_empty-32-32-even-1_scen-agents80-idx0-seed42-1760863183807,0,1,12,0.012,1,2,5,9,2,5,93,0.000,0.068,0.235,0.170,0.022,1
_home_max_Documents_PhD_MAPF_LNS_MAPF_LNS_SAT_mapf-map_empty-32-32_map-_home_max_Documents_PhD_MAPF_LNS_MAPF_LNS_SAT_mapf-scen-even_scen-even_empty-32-32-even-1_scen-agents80-idx0-seed42-1760863183807,0,0,11,0.011,2,5,7,10,4,8,764,0.001,0.558,1.243,1.078,0.104,1
_home_max_Documents_PhD_MAPF_LNS_MAPF_LNS_SAT_mapf-map_empty-32-32_map-_home_max_Documents_PhD_MAPF_LNS_MAPF_LNS_SAT_mapf-scen-even_scen-even_empty-32-32-even-1_scen-agents80-idx0-seed42-1760863183807,0,0,8,0.008,2,2,7,10,1,2,26,0.000,0.025,0.103,0.071,0.006,1
_home_max_Documents_PhD_MAPF_LNS_MAPF_LNS_SAT_mapf-map_empty-32-32_map-_home_max_Documents_PhD_MAPF_LNS_MAPF_LNS_SAT_mapf-scen-even_scen-even_empty-32-32-even-1_scen-agents80-idx0-seed42-1760863183807,0,0,8,0.008,2,3,7,10,5,9,691,0.000,0.510,0.970,0.873,0.037,0
_home_max_Documents_PhD_MAPF_LNS_MAPF_LNS_SAT_mapf-map_empty-32-32_map-_home_max_Documents_PhD_MAPF_LNS_MAPF_LNS_SAT_mapf-scen-even_scen-even_empty-32-32-even-1_scen-agents80-idx0-seed42-1760863183807,0,1,18,0.018,2,5,6,11,1,3,49,0.000,0.045,0.144,0.090,0.008,1
_home_max_Documents_PhD_MAPF_LNS_MAPF_LNS_SAT_mapf-map_empty-32-32_map-_home_max_Documents_PhD_MAPF_LNS_MAPF_LNS_SAT_mapf-scen-even_scen-even_empty-32-32-even-1_scen-agents80-idx0-seed42-1760863183807,0,0,8,0.008,1,2,7,9,3,7,118,0.000,0.061,0.315,0.252,0.019,1
_home_max_Documents_PhD_MAPF_LNS_MAPF_LNS_SAT_mapf-map_empty-32-32_map-_home_max_Documents_PhD_MAPF_LNS_MAPF_LNS_SAT_mapf-scen-even_scen-even_empty-32-32-even-1_scen-agents80-idx0-seed42-1760863183807,0,0,8,0.008,1,3,8,10,3,8,109,0.000,0.068,0.334,0.222,0.053,1
_home_max_Documents_PhD_MAPF_LNS_MAPF_LNS_SAT_mapf-map_empty-32-32_map-_home_max_Documents_PhD_MAPF_LNS_MAPF_LNS_SAT_mapf-scen-even_scen-even_empty-32-32-even-1_scen-agents80-idx0-seed42-1760863183807,0,0,5,0.005,1,2,8,10,2,3,28,0.000,0.018,0.068,0.045,0.004,1
_home_max_Documents_PhD_MAPF_LNS_MAPF_LNS_SAT_mapf-map_empty-32-32_map-_home_max_Documents_PhD_MAPF_LNS_MAPF_LNS_SAT_mapf-scen-even_scen-even_empty-32-32-even-1_scen-agents80-idx0-seed42-1760863183807,0,0,4,0.004,1,2,8,10,1,2,20,0.000,0.010,0.096,0.074,0.003,1
_home_max_Documents_PhD_MAPF_LNS_MAPF_LNS_SAT_mapf-map_empty-32-32_map-_home_max_Documents_PhD_MAPF_LNS_MAPF_LNS_SAT_mapf-scen-even_scen-even_empty-32-32-even-1_scen-agents80-idx0-seed42-1760863183807,0,0,5,0.005,1,2,9,11,2,3,28,0.000,0.040,0.082,0.059,0.003,1
_home_max_Documents_PhD_MAPF_LNS_MAPF_LNS_SAT_mapf-map_empty-32-32_map-_home_max_Documents_PhD_MAPF_LNS_MAPF_LNS_SAT_mapf-scen-even_scen-even_empty-32-32-even-1_scen-agents80-idx0-seed42-1760863183807,0,0,10,0.010,3,5,10,14,1,3,97,0.002,0.072,0.161,0.114,0.011,1
_home_max_Documents_PhD_MAPF_LNS_MAPF_LNS_SAT_mapf-map_empty-32-32_map-_home_max_Documents_PhD_MAPF_LNS_MAPF_LNS_SAT_mapf-scen-even_scen-even_empty-32-32-even-1_scen-agents80-idx0-seed42-1760863183807,0,0,8,0.008,2,3,11,14,1,3,30,0.000,0.021,0.084,0.051,0.004,1
_home_max_Documents_PhD_MAPF_LNS_MAPF_LNS_SAT_mapf-map_empty-32-32_map-_home_max_Documents_PhD_MAPF_LNS_MAPF_LNS_SAT_mapf-scen-even_scen-even_empty-32-32-even-1_scen-agents80-idx0-seed42-1760863183807,0,0,8,0.008,1,2,12,14,1,1,12,0.000,0.009,0.029,0.020,0.001,1
_home_max_Documents_PhD_MAPF_LNS_MAPF_LNS_SAT_mapf-map_empty-32-32_map-_home_max_Documents_PhD_MAPF_LNS_MAPF_LNS_SAT_mapf-scen-even_scen-even_empty-32-32-even-1_scen-agents80-idx0-seed42-1760863183807,0,0,5,0.005,1,2,12,14,4,7,187,0.000,0.106,0.252,0.205,0.009,0
_home_max_Documents_PhD_MAPF_LNS_MAPF_LNS_SAT_mapf-map_empty-32-32_map-_home_max_Documents_PhD_MAPF_LNS_MAPF_LNS_SAT_mapf-scen-even_scen-even_empty-32-32-even-1_scen-agents80-idx0-seed42-1760863183807,0,1,13,0.013,1,5,11,15,4,7,663,0.000,0.395,0.676,0.611,0.061,0
_home_max_Documents_PhD_MAPF_LNS_MAPF_LNS_SAT_mapf-map_empty-32-32_map-_home_max_Documents_PhD_MAPF_LNS_MAPF_LNS_SAT_mapf-scen-even_scen-even_empty-32-32-even-1_scen-agents80-idx0-seed42-1760863183807,0,2,25,0.024,1,10,10,16,2,3,153,0.000,0.155,0.224,0.132,0.002,0
_home_max_Documents_PhD_MAPF_LNS_MAPF_LNS_SAT_mapf-map_empty-32-32_map-_home_max_Documents_PhD_MAPF_LNS_MAPF_LNS_SAT_mapf-scen-even_scen-even_empty-32-32-even-1_scen-agents80-idx0-seed42-1760863183807,0,3,41,0.040,1,14,9,17,3,9,824,0.003,0.703,1.075,0.771,0.122,1
_home_max_Documents_PhD_MAPF_LNS_MAPF_LNS_SAT_mapf-map_empty-32-32_map-_home_max_Documents_PhD_MAPF_LNS_MAPF_LNS_SAT_mapf-scen-even_scen-even_empty-32-32-even-1_scen-agents80-idx0-seed42-1760863183807,0,0,5,0.005,1,3,13,15,2,3,30,0.000,0.022,0.074,0.049,0.004,1
_home_max_Documents_PhD_MAPF_LNS_MAPF_LNS_SAT_mapf-map_empty-32-32_map-_home_max_Documents_PhD_MAPF_LNS_MAPF_LNS_SAT_mapf-scen-even_scen-even_empty-32-32-even-1_scen-agents80-idx0-seed42-1760863183807,0,0,5,0.005,1,2,15,17,1,3,26,0.000,0.014,0.076,0.048,0.004,1
_home_max_Documents_PhD_MAPF_LNS_MAPF_LNS_SAT_mapf-map_empty-32-32_map-_home_max_Documents_PhD_MAPF_LNS_MAPF_LNS_SAT_mapf-scen-even_scen-even_empty-32-32-even-1_scen-agents80-idx0-seed42-1760863183807,0,0,14,0.014,6,9,17,22,5,14,6313,0.013,3.727,5.352,4.976,0.404,1
_home_max_Documents_PhD_MAPF_LNS_MAPF_LNS_SAT_mapf-map_empty-32-32_map-_home_max_Documents_PhD_MAPF_LNS_MAPF_LNS_SAT_mapf-scen-even_scen-even_empty-32-32-even-1_scen-agents80-idx0-seed42-1760863183807,0,0,5,0.005,1,2,17,19,2,3,28,0.000,0.023,0.077,0.052,0.004,1
_home_max_Documents_PhD_MAPF_LNS_MAPF_LNS_SAT_mapf-map_empty-32-32_map-_home_max_Documents_PhD_MAPF_LNS_MAPF_LNS_SAT_mapf-scen-even_scen-even_empty-32-32-even-1_scen-agents80-idx0-seed42-1760863183807,0,0,5,0.005,2,4,18,21,2,12,139,0.000,0.085,0.365,0.231,0.049,1
_home_max_Documents_PhD_MAPF_LNS_MAPF_LNS_SAT_mapf-map_empty-32-32_map-_home_max_Documents_PhD_MAPF_LNS_MAPF_LNS_SAT_mapf-scen-even_scen-even_empty-32-32-even-1_scen-agents80-idx0-seed42-1760863183807,0,0,5,0.005,1,2,18,20,1,2,25,0.000,0.017,0.061,0.041,0.003,1
_home_max_Documents_PhD_MAPF_LNS_MAPF_LNS_SAT_mapf-map_empty-32-32_map-_home_max_Documents_PhD_MAPF_LNS_MAPF_LNS_SAT_mapf-scen-even_scen-even_empty-32-32-even-1_scen-agents80-idx0-seed42-1760863183807,0,0,8,0.008,3,4,19,23,1,5,126,0.000,0.076,0.361,0.289,0.075,1
_home_max_Documents_PhD_MAPF_LNS_MAPF_LNS_SAT_mapf-map_empty-32-32_map-_home_max_Documents_PhD_MAPF_LNS_MAPF_LNS_SAT_mapf-scen-even_scen-even_empty-32-32-even-1_scen-agents80-idx0-seed42-1760863183807,0,0,5,0.005,1,2,19,21,1,1,24,0.000,0.016,0.045,0.036,0.003,1
_home_max_Documents_PhD_MAPF_LNS_MAPF_LNS_SAT_mapf-map_empty-32-32_map-_home_max_Documents_PhD_MAPF_LNS_MAPF_LNS_SAT_mapf-scen-even_scen-even_empty-32-32-even-1_scen-agents80-idx0-seed42-1760863183807,0,0,5,0.005,1,3,19,21,1,1,26,0.000,0.018,0.045,0.035,0.002,1
_home_max_Documents_PhD_MAPF_LNS_MAPF_LNS_SAT_mapf-map_empty-32-32_map-_home_max_Documents_PhD_MAPF_LNS_MAPF_LNS_SAT_mapf-scen-even_scen-even_empty-32-32-even-1_scen-agents80-idx0-seed42-1760863183807,0,0,5,0.005,1,2,20,22,1,1,24,0.000,0.014,0.042,0.033,0.002,1
_home_max_Documents_PhD_MAPF_LNS_MAPF_LNS_SAT_mapf-map_empty-32-32_map-_home_max_Documents_PhD_MAPF_LNS_MAPF_LNS_SAT_mapf-scen-even_scen-even_empty-32-32-even-1_scen-agents80-idx0-seed42-1760863183807,0,0,8,0.008,3,3,21,25,1,3,121,0.000,0.063,0.257,0.192,0.052,1
_home_max_Documents_PhD_MAPF_LNS_MAPF_LNS_SAT_mapf-map_empty-32-32_map-_home_max_Documents_PhD_MAPF_LNS_MAPF_LNS_SAT_mapf-scen-even_scen-even_empty-32-32-even-1_scen-agents80-idx0-seed42-1760863183807,0,0,5,0.005,1,3,22,24,1,2,26,0.000,0.017,0.061,0.039,0.003,1
_home_max_Documents_PhD_MAPF_LNS_MAPF_LNS_SAT_mapf-map_empty-32-32_map-_home_max_Documents_PhD_MAPF_LNS_MAPF_LNS_SAT_mapf-scen-even_scen-even_empty-32-32-even-1_scen-agents80-idx0-seed42-1760863183807,0,0,5,0.005,1,2,22,24,1,2,25,0.000,0.014,0.058,0.038,0.003,1
_home_max_Documents_PhD_MAPF_LNS_MAPF_LNS_SAT_mapf-map_empty-32-32_map-_home_max_Documents_PhD_MAPF_LNS_MAPF_LNS_SAT_mapf-scen-even_scen-even_empty-32-32-even-1_scen-agents80-idx0-seed42-1760863183807,0,0,8,0.008,2,3,27,30,1,2,78,0.000,0.054,0.112,0.088,0.007,1
_home_max_Documents_PhD_MAPF_LNS_MAPF_LNS_SAT_mapf-map_empty-32-32_map-_home_max_Documents_PhD_MAPF_LNS_MAPF_LNS_SAT_mapf-scen-even_scen-even_empty-32-32-even-1_scen-agents80-idx0-seed42-1760863183807,0,0,5,0.005,1,2,27,29,1,2,25,0.003,0.015,0.059,0.039,0.003,1
_home_max_Documents_PhD_MAPF_LNS_MAPF_LNS_SAT_mapf-map_empty-32-32_map-_home_max_Documents_PhD_MAPF_LNS_MAPF_LNS_SAT_mapf-scen-even_scen-even_empty-32-32-even-1_scen-agents80-idx0-seed42-1760863183807,0,0,5,0.005,1,2,28,30,1,1,12,0.000,0.010,0.028,0.020,0.001,1
_home_max_Documents_PhD_MAPF_LNS_MAPF_LNS_SAT_mapf-map_empty-32-32_map-_home_max_Documents_PhD_MAPF_LNS_MAPF_LNS_SAT_mapf-scen-even_scen-even_empty-32-32-even-1_scen-agents80-idx0-seed42-1760863183807,0,0,5,0.005,1,2,29,31,1,1,24,0.000,0.015,0.041,0.032,0.002,1
_home_max_Documents_PhD_MAPF_LNS_MAPF_LNS_SAT_mapf-map_empty-32-32_map-_home_max_Documents_PhD_MAPF_LNS_MAPF_LNS_SAT_mapf-scen-even_scen-even_empty-32-32-even-1_scen-agents80-idx0-seed42-1760863183807,0,0,5,0.005,1,2,29,31,1,2,25,0.000,0.015,0.058,0.039,0.003,1
_home_max_Documents_PhD_MAPF_LNS_MAPF_LNS_SAT_mapf-map_empty-32-32_map-_home_max_Documents_PhD_MAPF_LNS_MAPF_LNS_SAT_mapf-scen-even_scen-even_empty-32-32-even-1_scen-agents80-idx0-seed42-1760863183807,0,0,5,0.005,1,2,30,32,1,1,24,0.000,0.015,0.040,0.031,0.002,1
_home_max_Documents_PhD_MAPF_LNS_MAPF_LNS_SAT_mapf-map_empty-32-32_map-_home_max_Documents_PhD_MAPF_LNS_MAPF_LNS_SAT_mapf-scen-even_scen-even_empty-32-32-even-1_scen-agents80-idx0-seed42-1760863183807,0,0,5,0.005,1,2,32,34,1,2,25,0.000,0.013,0.055,0.036,0.002,1
_home_max_Documents_PhD_MAPF_LNS_MAPF_LNS_SAT_mapf-map_empty-32-32_map-_home_max_Documents_PhD_MAPF_LNS_MAPF_LNS_SAT_mapf-scen-even_scen-even_empty-32-32-even-1_scen-agents80-idx0-seed42-1760863183807,0,0,5,0.005,1,2,35,37,1,1,24,0.000,0.014,0.038,0.030,0.002,1
_home_max_Documents_PhD_MAPF_LNS_MAPF_LNS_SAT_mapf-map_empty-32-32_map-_home_max_Documents_PhD_MAPF_LNS_MAPF_LNS_SAT_mapf-scen-even_scen-even_empty-32-32-even-1_scen-agents80-idx0-seed42-1760863183807,0,0,5,0.005,1,2,39,41,1,1,24,0.000,0.015,0.115,0.107,0.029,1
_home_max_Documents_PhD_MAPF_LNS_MAPF_LNS_SAT_mapf-map_empty-32-32_map-_home_max_Documents_PhD_MAPF_LNS_MAPF_LNS_SAT_mapf-scen-even_scen-even_empty-32-32-even-1_scen-agents80-idx0-seed42-1760863183807,0,0,5,0.005,1,3,42,44,1,2,33,0.000,0.024,0.067,0.045,0.003,1
_home_max_Documents_PhD_MAPF_LNS_MAPF_LNS_SAT_mapf-map_empty-32-32_map-_home_max_Documents_PhD_MAPF_LNS_MAPF_LNS_SAT_mapf-scen-even_scen-even_empty-32-32-even-1_scen-agents80-idx1-seed42-1760863184259,0,0,8,0.008,1,2,0,2,1,2,13,0.000,0.012,0.106,0.081,0.016,1
_home_max_Documents_PhD_MAPF_LNS_MAPF_LNS_SAT_mapf-map_empty-32-32_map-_home_max_Documents_PhD_MAPF_LNS_MAPF_LNS_SAT_mapf-scen-even_scen-even_empty-32-32-even-1_scen-agents80-idx1-seed42-1760863184259,0,0,8,0.008,1,2,0,2,1,1,14,0.007,0.027,0.064,0.041,0.005,1
_home_max_Documents_PhD_MAPF_LNS_MAPF_LNS_SAT_mapf-map_empty-32-32_map-_home_max_Documents_PhD_MAPF_LNS_MAPF_LNS_SAT_mapf-scen-even_scen-even_empty-32-32-even-1_scen-agents80-idx1-seed42-1760863184259,0,0,5,0.005,1,2,0,2,2,3,28,0.000,0.014,0.093,0.064,0.006,1
_home_max_Documents_PhD_MAPF_LNS_MAPF_LNS_SAT_mapf-map_empty-32-32_map-_home_max_Documents_PhD_MAPF_LNS_MAPF_LNS_SAT_mapf-scen-even_scen-even_empty-32-32-even-1_scen-agents80-idx1-seed42-1760863184259,0,0,12,0.012,4,4,1,5,1,2,49,0.000,0.030,0.094,0.063,0.006,1
_home_max_Documents_PhD_MAPF_LNS_MAPF_LNS_SAT_mapf-map_empty-32-32_map-_home_max_Documents_PhD_MAPF_LNS_MAPF_LNS_SAT_mapf-scen-even_scen-even_empty-32-32-even-1_scen-agents80-idx1-seed42-1760863184259,0,0,5,0.005,1,3,1,3,3,5,85,0.000,0.050,0.183,0.139,0.013,1
_home_max_Documents_PhD_MAPF_LNS_MAPF_LNS_SAT_mapf-map_empty-32-32_map-_home_max_Documents_PhD_MAPF_LNS_MAPF_LNS_SAT_mapf-scen-even_scen-even_empty-32-32-even-1_scen-agents80-idx1-seed42-1760863184259,0,0,8,0.008,2,3,2,5,2,3,59,0.000,0.038,0.112,0.084,0.011,1
_home_max_Documents_PhD_MAPF_LNS_MAPF_LNS_SAT_mapf-map_empty-32-32_map-_home_max_Documents_PhD_MAPF_LNS_MAPF_LNS_SAT_mapf-scen-even_scen-even_empty-32-32-even-1_scen-agents80-idx1-seed42-1760863184259,0,0,5,0.005,1,2,2,4,2,3,28,0.000,0.018,0.070,0.047,0.003,1
_home_max_Documents_PhD_MAPF_LNS_MAPF_LNS_SAT_mapf-map_empty-32-32_map-_home_max_Documents_PhD_MAPF_LNS_MAPF_LNS_SAT_mapf-scen-even_scen-even_empty-32-32-even-1_scen-agents80-idx1-seed42-1760863184259,0,0,5,0.005,1,2,2,4,2,3,28,0.000,0.015,0.125,0.048,0.003,1
_home_max_Documents_PhD_MAPF_LNS_MAPF_LNS_SAT_mapf-map_empty-32-32_map-_home_max_Documents_PhD_MAPF_LNS_MAPF_LNS_SAT_mapf-scen-even_scen-even_empty-32-32-even-1_scen-agents80-idx1-seed42-1760863184259,0,0,5,0.005,1,2,2,4,2,3,29,0.000,0.017,0.065,0.044,0.003,1
_home_max_Documents_PhD_MAPF_LNS_MAPF_LNS_SAT_mapf-map_empty-32-32_map-_home_max_Documents_PhD_MAPF_LNS_MAPF_LNS_SAT_mapf-scen-even_scen-even_empty-32-32-even-1_scen-agents80-idx1-seed42-1760863184259,0,0,5,0.005,1,2,3,5,2,3,28,0.000,0.016,0.063,0.041,0.002,1
_home_max_Documents_PhD_MAPF_LNS_MAPF_LNS_SAT_mapf-map_empty-32-32_map-_home_max_Documents_PhD_MAPF_LNS_MAPF_LNS_SAT_mapf-scen-even_scen-even_empty-32-32-even-1_scen-agents80-idx1-seed42-1760863184259,0,0,5,0.005,1,2,4,6,4,7,237,0.000,0.135,0.294,0.244,0.010,0
_home_max_Documents_PhD_MAPF_LNS_MAPF_LNS_SAT_mapf-map_empty-32-32_map-_home_max_Documents_PhD_MAPF_LNS_MAPF_LNS_SAT_mapf-scen-even_scen-even_empty-32-32-even-1_scen-agents80-idx1-seed42-1760863184259,0,1,13,0.013,1,3,3,7,1,2,30,0.000,0.021,0.078,0.046,0.005,1
_home_max_Documents_PhD_MAPF_LNS_MAPF_LNS_SAT_mapf-map_empty-32-32_map-_home_max_Documents_PhD_MAPF_LNS_MAPF_LNS_SAT_mapf-scen-even_scen-even_empty-32-32-even-1_scen-agents80-idx1-seed42-1760863184259,0,0,8,0.008,2,3,5,8,2,4,59,0.000,0.044,0.121,0.086,0.009,1
_home_max_Documents_PhD_MAPF_LNS_MAPF_LNS_SAT_mapf-map_empty-32-32_map-_home_max_Documents_PhD_MAPF_LNS_MAPF_LNS_SAT_mapf-scen-even_scen-even_empty-32-32-even-1_scen-agents80-idx1-seed42-1760863184259,0,0,8,0.008,2,3,6,8,1,2,19,0.000,0.014,0.054,0.033,0.002,1
_home_max_Documents_PhD_MAPF_LNS_MAPF_LNS_SAT_mapf-map_empty-32-32_map-_home_max_Documents_PhD_MAPF_LNS_MAPF_LNS_SAT_mapf-scen-even_scen-even_empty-32-32-even-1_scen-agents80-idx1-seed42-1760863184259,0,0,5,0.005,1,3,6,8,2,3,31,0.000,0.027,0.074,0.050,0.003,1
_home_max_Documents_PhD_MAPF_LNS_MAPF_LNS_SAT_mapf-map_empty-32-32_map-_home_max_Documents_PhD_MAPF_LNS_MAPF_LNS_SAT_mapf-scen-even_scen-even_empty-32-32-even-1_scen-agents80-idx1-seed42-1760863184259,0,0,8,0.008,1,2,7,9,3,8,123,0.000,0.066,0.245,0.172,0.021,1
_home_max_Documents_PhD_MAPF_LNS_MAPF_LNS_SAT_mapf-map_empty-32-32_map-_home_max_Documents_PhD_MAPF_LNS_MAPF_LNS_SAT_mapf-scen-even_scen-even_empty-32-32-even-1_scen-agents80-idx1-seed42-1760863184259,0,0,11,0.011,2,5,8,11,1,1,31,0.000,0.025,0.058,0.043,0.003,1
_home_max_Documents_PhD_MAPF_LNS_MAPF_LNS_SAT_mapf-map_empty-32-32_map-_home_max_Documents_PhD_MAPF_LNS_MAPF_LNS_SAT_mapf-scen-even_scen-even_empty-32-32-even-1_scen-agents80-idx1-seed42-1760863184259,0,0,8,0.008,2,2,8,11,2,4,57,0.000,0.035,0.126,0.093,0.015,1
_home_max_Documents_PhD_MAPF_LNS_MAPF_LNS_SAT_mapf-map_empty-32-32_map-_home_max_Documents_PhD_MAPF_LNS_MAPF_LNS_SAT_mapf-scen-even_scen-even_empty-32-32-even-1_scen-agents80-idx1-seed42-1760863184259,0,0,5,0.005,1,2,8,10,2,3,28,0.000,0.016,0.067,0.045,0.003,1
_home_max_Documents_PhD_MAPF_LNS_MAPF_LNS_SAT_mapf-map_empty-32-32_map-_home_max_Documents_PhD_MAPF_LNS_MAPF_LNS_SAT_mapf-scen-even_scen-even_empty-32-32-even-1_scen-agents80-idx1-seed42-1760863184259,0,0,5,0.005,1,2,8,10,4,7,183,0.000,0.109,0.249,0.203,0.009,0
_home_max_Documents_PhD_MAPF_LNS_MAPF_LNS_SAT_mapf-map_empty-32-32_map-_home_max_Documents_PhD_MAPF_LNS_MAPF_LNS_SAT_mapf-scen-even_scen-even_empty-32-32-even-1_scen-agents80-idx1-seed42-1760863184259,0,1,13,0.013,1,4,7,11,1,2,27,0.000,0.020,0.066,0.040,0.003,1
_home_max_Documents_PhD_MAPF_LNS_MAPF_LNS_SAT_mapf-map_empty-32-32_map-_home_max_Documents_PhD_MAPF_LNS_MAPF_LNS_SAT_mapf-scen-even_scen-even_empty-32-32-even-1_scen-agents80-idx1-seed42-1760863184259,0,0,5,0.005,1,2,9,11,4,7,180,0.000,0.129,0.282,0.234,0.009,0
_home_max_Documents_PhD_MAPF_LNS_MAPF_LNS_SAT_mapf-map_empty-32-32_map-_home_max_Documents_PhD_MAPF_LNS_MAPF_LNS_SAT_mapf-scen-even_scen-even_empty-32-32-even-1_scen-agents80-idx1-seed42-1760863184259,0,1,13,0.013,1,3,8,12,1,2,33,0.000,0.023,0.073,0.049,0.006,1
_home_max_Documents_PhD_MAPF_LNS_MAPF_LNS_SAT_mapf-map_empty-32-32_map-_home_max_Documents_PhD_MAPF_LNS_MAPF_LNS_SAT_mapf-scen-even_scen-even_empty-32-32-even-1_scen-agents80-idx1-seed42-1760863184259,0,0,12,0.012,6,8,10,14,4,7,1412,0.000,0.775,1.250,1.149,0.033,0
_home_max_Documents_PhD_MAPF_LNS_MAPF_LNS_SAT_mapf-map_empty-32-32_map-_home_max_Documents_PhD_MAPF_LNS_MAPF_LNS_SAT_mapf-scen-even_scen-even_empty-32-32-even-1_scen-agents80-idx1-seed42-1760863184259,0,1,24,0.023,6,10,9,15,1,3,171,0.000,0.140,0.260,0.177,0.020,1
_home_max_Documents_PhD_MAPF_LNS_MAPF_LNS_SAT_mapf-map_empty-32-32_map-_home_max_Documents_PhD_MAPF_LNS_MAPF_LNS_SAT_mapf-scen-even_scen-even_empty-32-32-even-1_scen-agents80-idx1-seed42-1760863184259,0,0,5,0.005,3,3,10,12,2,4,83,0.000,0.048,0.152,0.113,0.009,1
_home_max_Documents_PhD_MAPF_LNS_MAPF_LNS_SAT_mapf-map_empty-32-32_map-_home_max_Documents_PhD_MAPF_LNS_MAPF_LNS_SAT_mapf-scen-even_scen-even_empty-32-32-even-1_scen-agents80-idx1-seed42-1760863184259,0,0,8,0.008,2,4,10,13,4,7,602,0.000,0.337,0.591,0.530,0.016,0
_home_max_Documents_PhD_MAPF_LNS_MAPF_LNS_SAT_mapf-map_empty-32-32_map-_home_max_Documents_PhD_MAPF_LNS_MAPF_LNS_SAT_mapf-scen-even_scen-even_empty-32-32-even-1_scen-agents80-idx1-seed42-1760863184259,0,1,18,0.018,2,8,9,14,2,3,133,0.001,0.124,0.266,0.208,0.040,1
_home_max_Documents_PhD_MAPF_LNS_MAPF_LNS_SAT_mapf-map_empty-32-32_map-_home_max_Documents_PhD_MAPF_LNS_MAPF_LNS_SAT_mapf-scen-even_scen-even_empty-32-32-even-1_scen-agents80-idx1-seed42-1760863184259,0,0,5,0.005,1,2,10,12,2,3,29,0.001,0.037,0.157,0.109,0.009,1
_home_max_Documents_PhD_MAPF_LNS_MAPF_LNS_SAT_mapf-map_empty-32-32_map-_home_max_Documents_PhD_MAPF_LNS_MAPF_LNS_SAT_mapf-scen-even_scen-even_empty-32-32-even-1_scen-agents80-idx1-seed42-1760863184259,0,0,5,0.005,1,2,10,12,1,2,25,0.000,0.015,0.083,0.057,0.007,1
_home_max_Documents_PhD_MAPF_LNS_MAPF_LNS_SAT_mapf-map_empty-32-32_map-_home_max_Documents_PhD_MAPF_LNS_MAPF_LNS_SAT_mapf-scen-even_scen-even_empty-32-32-even-1_scen-agents80-idx1-seed42-1760863184259,0,0,5,0.005,1,2,10,12,1,1,24,0.000,0.015,0.047,0.037,0.003,1
_home_max_Documents_PhD_MAPF_LNS_MAPF_LNS_SAT_mapf-map_empty-32-32_map-_home_max_Documents_PhD_MAPF_LNS_MAPF_LNS_SAT_mapf-scen-even_scen-even_empty-32-32-even-1_scen-agents80-idx1-seed42-1760863184259,0,0,8,0.008,1,4,11,13,3,8,155,0.000,0.103,0.333,0.237,0.038,1
_home_max_Documents_PhD_MAPF_LNS_MAPF_LNS_SAT_mapf-map_empty-32-32_map-_home_max_Documents_PhD_MAPF_LNS_MAPF_LNS_SAT_mapf-scen-even_scen-even_empty-32-32-even-1_scen-agents80-idx1-seed42-1760863184259,0,0,5,0.005,1,2,11,13,2,3,29,0.000,0.024,0.073,0.048,0.003,1
_home_max_Documents_PhD_MAPF_LNS_MAPF_LNS_SAT_mapf-map_empty-32-32_map-_home_max_Documents_PhD_MAPF_LNS_MAPF_LNS_SAT_mapf-scen-even_scen-even_empty-32-32-even-1_scen-agents80-idx1-seed42-1760863184259,0,0,5,0.005,1,4,12,14,1,1,14,0.000,0.012,0.034,0.023,0.002,1
_home_max_Documents_PhD_MAPF_LNS_MAPF_LNS_SAT_mapf-map_empty-32-32_map-_home_max_Documents_PhD_MAPF_LNS_MAPF_LNS_SAT_mapf-scen-even_scen-even_empty-32-32-even-1_scen-agents80-idx1-seed42-1760863184259,0,0,5,0.005,1,2,12,14,1,2,25,0.000,0.014,0.062,0.043,0.004,1
_home_max_Documents_PhD_MAPF_LNS_MAPF_LNS_SAT_mapf-map_empty-32-32_map-_home_max_Documents_PhD_MAPF_LNS_MAPF_LNS_SAT_mapf-scen-even_scen-even_empty-32-32-even-1_scen-agents80-idx1-seed42-1760863184259,0,0,5,0.005,1,2,13,15,1,2,25,0.000,0.018,0.102,0.073,0.007,1
_home_max_Documents_PhD_MAPF_LNS_MAPF_LNS_SAT_mapf-map_empty-32-32_map-_home_max_Documents_PhD_MAPF_LNS_MAPF_LNS_SAT_mapf-scen-even_scen-even_empty-32-32-even-1_scen-agents80-idx1-seed42-1760863184259,0,0,5,0.005,1,2,13,15,2,3,29,0.001,0.040,0.170,0.110,0.011,1
_home_max_Documents_PhD_MAPF_LNS_MAPF_LNS_SAT_mapf-map_empty-32-32_map-_home_max_Documents_PhD_MAPF_LNS_MAPF_LNS_SAT_mapf-scen-even_scen-even_empty-32-32-even-1_scen-agents80-idx1-seed42-1760863184259,0,0,5,0.005,1,2,13,15,2,3,28,0.001,0.031,0.131,0.089,0.007,1
_home_max_Documents_PhD_MAPF_LNS_MAPF_LNS_SAT_mapf-map_empty-32-32_map-_home_max_Documents_PhD_MAPF_LNS_MAPF_LNS_SAT_mapf-scen-even_scen-even_empty-32-32-even-1_scen-agents80-idx1-seed42-1760863184259,0,0,8,0.008,1,5,14,16,4,7,357,0.004,0.473,0.832,0.698,0.068,1
_home_max_Documents_PhD_MAPF_LNS_MAPF_LNS_SAT_mapf-map_empty-32-32_map-_home_max_Documents_PhD_MAPF_LNS_MAPF_LNS_SAT_mapf-scen-even_scen-even_empty-32-32-even-1_scen-agents80-idx1-seed42-1760863184259,0,0,8,0.008,2,4,15,18,2,5,60,0.000,0.090,0.279,0.169,0.015,1
_home_max_Documents_PhD_MAPF_LNS_MAPF_LNS_SAT_mapf-map_empty-32-32_map-_home_max_Documents_PhD_MAPF_LNS_MAPF_LNS_SAT_mapf-scen-even_scen-even_empty-32-32-even-1_scen-agents80-idx1-seed42-1760863184259,0,0,5,0.005,1,3,15,17,1,1,25,0.001,0.037,0.112,0.081,0.007,1
_home_max_Documents_PhD_MAPF_LNS_MAPF_LNS_SAT_mapf-map_empty-32-32_map-_home_max_Documents_PhD_MAPF_LNS_MAPF_LNS_SAT_mapf-scen-even_scen-even_empty-32-32-even-1_scen-agents80-idx1-seed42-1760863184259,0,0,5,0.005,1,3,15,17,4,7,183,0.001,0.218,0.540,0.442,0.024,0
_home_max_Documents_PhD_MAPF_LNS_MAPF_LNS_SAT_mapf-map_empty-32-32_map-_home_max_Documents_PhD_MAPF_LNS_MAPF_LNS_SAT_mapf-scen-even_scen-even_empty-32-32-even-1_scen-agents80-idx1-seed42-1760863184259,0,1,13,0.013,1,8,14,18,2,3,85,0.002,0.175,0.216,0.154,0.006,0
_home_max_Documents_PhD_MAPF_LNS_MAPF_LNS_SAT_mapf-map_empty-32-32_map-_home_max_Documents_PhD_MAPF_LNS_MAPF_LNS_SAT_mapf-scen-even_scen-even_empty-32-32-even-1_scen-agents80-idx1-seed42-1760863184259,0,2,25,0.024,1,10,13,19,2,5,597,0.002,0.665,1.135,0.930,0.081,1
_home_max_Documents_PhD_MAPF_LNS_MAPF_LNS_SAT_mapf-map_empty-32-32_map-_home_max_Documents_PhD_MAPF_LNS_MAPF_LNS_SAT_mapf-scen-even_scen-even_empty-32-32-even-1_scen-agents80-idx1-seed42-1760863184259,0,0,5,0.005,1,2,15,17,1,1,24,0.000,0.032,0.099,0.081,0.006,1
_home_max_Documents_PhD_MAPF_LNS_MAPF_LNS_SAT_mapf-map_empty-32-32_map-_home_max_Documents_PhD_MAPF_LNS_MAPF_LNS_SAT_mapf-scen-even_scen-even_empty-32-32-even-1_scen-agents80-idx1-seed42-1760863184259,0,0,8,0.008,3,4,16,19,1,5,59,0.000,0.052,0.232,0.136,0.010,1
_home_max_Documents_PhD_MAPF_LNS_MAPF_LNS_SAT_mapf-map_empty-32-32_map-_home_max_Documents_PhD_MAPF_LNS_MAPF_LNS_SAT_mapf-scen-even_scen-even_empty-32-32-even-1_scen-agents80-idx1-seed42-1760863184259,0,0,8,0.008,1,5,16,18,3,8,133,0.002,0.122,0.380,0.273,0.046,1
_home_max_Documents_PhD_MAPF_LNS_MAPF_LNS_SAT_mapf-map_empty-32-32_map-_home_max_Documents_PhD_MAPF_LNS_MAPF_LNS_SAT_mapf-scen-even_scen-even_empty-32-32-even-1_scen-agents80-idx1-seed42-1760863184259,0,0,5,0.005,1,3,16,18,1,2,26,0.000,0.020,0.085,0.059,0.006,1
_home_max_Documents_PhD_MAPF_LNS_MAPF_LNS_SAT_mapf-map_empty-32-32_map-_home_max_Documents_PhD_MAPF_LNS_MAPF_LNS_SAT_mapf-scen-even_scen-even_empty-32-32-even-1_scen-agents80-idx1-seed42-1760863184259,0,0,10,0.010,2,3,17,20,2,4,59,0.000,0.048,0.140,0.096,0.009,1
_home_max_Documents_PhD_MAPF_LNS_MAPF_LNS_SAT_mapf-map_empty-32-32_map-_home_max_Documents_PhD_MAPF_LNS_MAPF_LNS_SAT_mapf-scen-even_scen-even_empty-32-32-even-1_scen-agents80-idx1-seed42-1760863184259,0,0,5,0.005,1,3,17,19,1,5,36,0.000,0.021,0.124,0.070,0.005,1
_home_max_Documents_PhD_MAPF_LNS_MAPF_LNS_SAT_mapf-map_empty-32-32_map-_home_max_Documents_PhD_MAPF_LNS_MAPF_LNS_SAT_mapf-scen-even_scen-even_empty-32-32-even-1_scen-agents80-idx1-seed42-1760863184259,0,0,5,0.005,1,2,17,19,4,7,186,0.000,0.182,0.257,0.210,0.012,0
_home_max_Documents_PhD_MAPF_LNS_MAPF_LNS_SAT_mapf-map_empty-32-32_map-_home_max_Documents_PhD_MAPF_LNS_MAPF_LNS_SAT_mapf-scen-even_scen-even_empty-32-32-even-1_scen-agents80-idx1-seed42-1760863184259,0,1,13,0.013,1,5,16,20,4,7,1512,0.000,0.887,1.233,1.151,0.029,0
_home_max_Documents_PhD_MAPF_LNS_MAPF_LNS_SAT_mapf-map_empty-32-32_map-_home_max_Documents_PhD_MAPF_LNS_MAPF_LNS_SAT_mapf-scen-even_scen-even_empty-32-32-even-1_scen-agents80-idx1-seed42-1760863184259,0,2,25,0.024,1,8,15,21,1,2,466,0.000,0.244,0.441,0.384,0.026,1
_home_max_Documents_PhD_MAPF_LNS_MAPF_LNS_SAT_mapf-map_empty-32-32_map-_home_max_Documents_PhD_MAPF_LNS_MAPF_LNS_SAT_mapf-scen-even_scen-even_empty-32-32-even-1_scen-agents80-idx1-seed42-1760863184259,0,0,5,0.005,1,3,17,19,1,1,31,0.005,0.022,0.056,0.044,0.003,1
_home_max_Documents_PhD_MAPF_LNS_MAPF_LNS_SAT_mapf-map_empty-32-32_map-_home_max_Documents_PhD_MAPF_LNS_MAPF_LNS_SAT_mapf-scen-even_scen-even_empty-32-32-even-1_scen-agents80-idx1-seed42-1760863184259,0,0,5,0.005,1,3,18,20,1,2,26,0.000,0.016,0.063,0.041,0.003,1
_home_max_Documents_PhD_MAPF_LNS_MAPF_LNS_SAT_mapf-map_empty-32-32_map-_home_max_Documents_PhD_MAPF_LNS_MAPF_LNS_SAT_mapf-scen-even_scen-even_empty-32-32-even-1_scen-agents80-idx1-seed42-1760863184259,0,0,8,0.008,2,3,19,22,3,5,171,0.000,0.122,0.236,0.187,0.012,1
_home_max_Documents_PhD_MAPF_LNS_MAPF_LNS_SAT_mapf-map_empty-32-32_map-_home_max_Documents_PhD_MAPF_LNS_MAPF_LNS_SAT_mapf-scen-even_scen-even_empty-32-32-even-1_scen-agents80-idx1-seed42-1760863184259,0,0,5,0.005,1,2,19,21,2,3,28,0.000,0.019,0.067,0.044,0.004,1
_home_max_Documents_PhD_MAPF_LNS_MAPF_LNS_SAT_mapf-map_empty-32-32_map-_home_max_Documents_PhD_MAPF_LNS_MAPF_LNS_SAT_mapf-scen-even_scen-even_empty-32-32-even-1_scen-agents80-idx1-seed42-1760863184259,0,0,5,0.005,1,3,20,22,1,5,37,0.000,0.021,0.118,0.066,0.007,1
_home_max_Documents_PhD_MAPF_LNS_MAPF_LNS_SAT_mapf-map_empty-32-32_map-_home_max_Documents_PhD_MAPF_LNS_MAPF_LNS_SAT_mapf-scen-even_scen-even_empty-32-32-even-1_scen-agents80-idx1-seed42-1760863184259,0,0,5,0.005,1,2,21,23,1,1,12,0.000,0.009,0.029,0.020,0.001,1
_home_max_Documents_PhD_MAPF_LNS_MAPF_LNS_SAT_mapf-map_empty-32-32_map-_home_max_Documents_PhD_MAPF_LNS_MAPF_LNS_SAT_mapf-scen-even_scen-even_empty-32-32-even-1_scen-agents80-idx1-seed42-1760863184259,0,0,5,0.005,1,2,22,24,1,1,24,0.000,0.013,0.042,0.033,0.002,1
_home_max_Documents_PhD_MAPF_LNS_MAPF_LNS_SAT_mapf-map_empty-32-32_map-_home_max_Documents_PhD_MAPF_LNS_MAPF_LNS_SAT_mapf-scen-even_scen-even_empty-32-32-even-1_scen-agents80-idx1-seed42-1760863184259,0,0,5,0.005,1,3,23,25,1,3,33,0.005,0.082,0.080,0.051,0.004,1
_home_max_Documents_PhD_MAPF_LNS_MAPF_LNS_SAT_mapf-map_empty-32-32_map-_home_max_Documents_PhD_MAPF_LNS_MAPF_LNS_SAT_mapf-scen-even_scen-even_empty-32-32-even-1_scen-agents80-idx1-seed42-1760863184259,0,0,5,0.005,1,2,24,26,1,2,25,0.025,0.013,0.058,0.039,0.003,1
_home_max_Documents_PhD_MAPF_LNS_MAPF_LNS_SAT_mapf-map_empty-32-32_map-_home_max_Documents_PhD_MAPF_LNS_MAPF_LNS_SAT_mapf-scen-even_scen-even_empty-32-32-even-1_scen-agents80-idx1-seed42-1760863184259,0,0,5,0.005,1,2,24,26,1,3,26,0.000,0.013,0.069,0.042,0.003,1
_home_max_Documents_PhD_MAPF_LNS_MAPF_LNS_SAT_mapf-map_empty-32-32_map-_home_max_Documents_PhD_MAPF_LNS_MAPF_LNS_SAT_mapf-scen-even_scen-even_empty-32-32-even-1_scen-agents80-idx1-seed42-1760863184259,0,0,8,0.008,2,3,25,28,2,5,156,0.000,0.092,0.230,0.176,0.017,1
_home_max_Documents_PhD_MAPF_LNS_MAPF_LNS_SAT_mapf-map_empty-32-32_map-_home_max_Documents_PhD_MAPF_LNS_MAPF_LNS_SAT_mapf-scen-even_scen-even_empty-32-32-even-1_scen-agents80-idx1-seed42-1760863184259,0,0,5,0.005,1,2,25,27,4,7,179,0.000,0.108,0.236,0.193,0.012,0
_home_max_Documents_PhD_MAPF_LNS_MAPF_LNS_SAT_mapf-map_empty-32-32_map-_home_max_Documents_PhD_MAPF_LNS_MAPF_LNS_SAT_mapf-scen-even_scen-even_empty-32-32-even-1_scen-agents80-idx1-seed42-1760863184259,0,1,13,0.013,1,3,24,28,1,3,60,0.000,0.044,0.118,0.078,0.012,1
_home_max_Documents_PhD_MAPF_LNS_MAPF_LNS_SAT_mapf-map_empty-32-32_map-_home_max_Documents_PhD_MAPF_LNS_MAPF_LNS_SAT_mapf-scen-even_scen-even_empty-32-32-even-1_scen-agents80-idx1-seed42-1760863184259,0,0,5,0.005,1,2,25,27,1,1,24,0.000,0.015,0.042,0.033,0.002,1
_home_max_Documents_PhD_MAPF_LNS_MAPF_LNS_SAT_mapf-map_empty-32-32_map-_home_max_Documents_PhD_MAPF_LNS_MAPF_LNS_SAT_mapf-scen-even_scen-even_empty-32-32-even-1_scen-agents80-idx1-seed42-1760863184259,0,0,8,0.008,2,4,27,30,1,3,100,0.000,0.068,0.166,0.120,0.013,1
_home_max_Documents_PhD_MAPF_LNS_MAPF_LNS_SAT_mapf-map_empty-32-32_map-_home_max_Documents_PhD_MAPF_LNS_MAPF_LNS_SAT_mapf-scen-even_scen-even_empty-32-32-even-1_scen-agents80-idx1-seed42-1760863184259,0,0,5,0.005,1,2,27,29,1,1,24,0.000,0.015,0.044,0.035,0.002,1
_home_max_Documents_PhD_MAPF_LNS_MAPF_LNS_SAT_mapf-map_empty-32-32_map-_home_max_Documents_PhD_MAPF_LNS_MAPF_LNS_SAT_mapf-scen-even_scen-even_empty-32-32-even-1_scen-agents80-idx1-seed42-1760863184259,0,0,8,0.008,3,4,29,32,2,8,254,0.000,0.184,0.433,0.330,0.062,1
_home_max_Documents_PhD_MAPF_LNS_MAPF_LNS_SAT_mapf-map_empty-32-32_map-_home_max_Documents_PhD_MAPF_LNS_MAPF_LNS_SAT_mapf-scen-even_scen-even_empty-32-32-even-1_scen-agents80-idx1-seed42-1760863184259,0,0,8,0.008,2,3,29,32,1,5,83,0.000,0.055,0.235,0.175,0.058,1
_home_max_Documents_PhD_MAPF_LNS_MAPF_LNS_SAT_mapf-map_empty-32-32_map-_home_max_Documents_PhD_MAPF_LNS_MAPF_LNS_SAT_mapf-scen-even_scen-even_empty-32-32-even-1_scen-agents80-idx1-seed42-1760863184259,0,0,5,0.005,1,3,29,31,1,6,38,0.000,0.024,0.128,0.069,0.005,1
_home_max_Documents_PhD_MAPF_LNS_MAPF_LNS_SAT_mapf-map_empty-32-32_map-_home_max_Documents_PhD_MAPF_LNS_MAPF_LNS_SAT_mapf-scen-even_scen-even_empty-32-32-even-1_scen-agents80-idx1-seed42-1760863184259,0,0,5,0.005,1,2,29,31,1,2,25,0.000,0.015,0.059,0.040,0.003,1
_home_max_Documents_PhD_MAPF_LNS_MAPF_LNS_SAT_mapf-map_empty-32-32_map-_home_max_Documents_PhD_MAPF_LNS_MAPF_LNS_SAT_mapf-scen-even_scen-even_empty-32-32-even-1_scen-agents80-idx1-seed42-1760863184259,0,0,5,0.005,1,2,30,32,1,1,24,0.000,0.015,0.041,0.032,0.002,1
_home_max_Documents_PhD_MAPF_LNS_MAPF_LNS_SAT_mapf-map_empty-32-32_map-_home_max_Documents_PhD_MAPF_LNS_MAPF_LNS_SAT_mapf-scen-even_scen-even_empty-32-32-even-1_scen-agents80-idx1-seed42-1760863184259,0,0,5,0.005,1,2,30,32,1,1,24,0.000,0.013,0.041,0.032,0.002,1
_home_max_Documents_PhD_MAPF_LNS_MAPF_LNS_SAT_mapf-map_empty-32-32_map-_home_max_Documents_PhD_MAPF_LNS_MAPF_LNS_SAT_mapf-scen-even_scen-even_empty-32-32-even-1_scen-agents80-idx1-seed42-1760863184259,0,0,5,0.005,1,2,31,33,1,1,24,0.000,0.014,0.050,0.031,0.002,1
_home_max_Documents_PhD_MAPF_LNS_MAPF_LNS_SAT_mapf-map_empty-32-32_map-_home_max_Documents_PhD_MAPF_LNS_MAPF_LNS_SAT_mapf-scen-even_scen-even_empty-32-32-even-1_scen-agents80-idx1-seed42-1760863184259,0,0,5,0.005,1,2,32,34,1,2,25,0.000,0.013,0.056,0.037,0.002,1
_home_max_Documents_PhD_MAPF_LNS_MAPF_LNS_SAT_mapf-map_empty-32-32_map-_home_max_Documents_PhD_MAPF_LNS_MAPF_LNS_SAT_mapf-scen-even_scen-even_empty-32-32-even-1_scen-agents80-idx1-seed42-1760863184259,0,0,5,0.005,1,2,40,42,1,1,24,0.000,0.018,0.058,0.043,0.003,1
_home_max_Documents_PhD_MAPF_LNS_MAPF_LNS_SAT_mapf-map_empty-32-32_map-_home_max_Documents_PhD_MAPF_LNS_MAPF_LNS_SAT_mapf-scen-even_scen-even_empty-32-32-even-1_scen-agents10-idx0-seed42-1760863439814,0,0,1024,1.000,1,10,0,35,1,1,2651721,0.001,12349.976,3514.227,3507.143,32.455,1
_home_max_Documents_PhD_MAPF_LNS_MAPF_LNS_SAT_mapf-map_empty-32-32_map-_home_max_Documents_PhD_MAPF_LNS_MAPF_LNS_SAT_mapf-scen-even_scen-even_empty-32-32-even-1_scen-agents10-idx1-seed42-1760863455974,0,0,1024,1.000,1,10,0,40,1,15,6382043,0.001,45607.676,9102.522,7868.928,146.529,1
_home_max_Documents_PhD_MAPF_LNS_MAPF_LNS_SAT_mapf-map_empty-32-32_map-_home_max_Documents_PhD_MAPF_LNS_MAPF_LNS_SAT_mapf-scen-even_scen-even_empty-32-32-even-1_scen-agents10-idx0-seed42-1760863906623,0,0,1024,1.0000,1,10,0,35,1,1,2651721,0.0010,12749.8330,3532.1070,3526.6630,33.5876,1
_home_max_Documents_PhD_MAPF_LNS_MAPF_LNS_SAT_mapf-map_empty-32-32_map-_home_max_Documents_PhD_MAPF_LNS_MAPF_LNS_SAT_mapf-scen-even_scen-even_empty-32-32-even-1_scen-agents10-idx1-seed42-1760863923203,0,0,1024,1.0000,1,10,0,40,1,15,6382043,0.0020,48090.9930,10233.0600,8780.1280,169.9581,1
_home_max_Documents_PhD_MAPF_LNS_MAPF_LNS_SAT_mapf-map_empty-32-32_map-_home_max_Documents_PhD_MAPF_LNS_MAPF_LNS_SAT_mapf-scen-even_scen-even_empty-32-32-even-1_scen-agents10-idx0-seed42-1760867139450,0,0,5,0.0049,1,2,18,20,3,6,80,0.0040,0.1260,0.6420,0.4230,0.0635,0
_home_max_Documents_PhD_MAPF_LNS_MAPF_LNS_SAT_mapf-map_empty-32-32_map-_home_max_Documents_PhD_MAPF_LNS_MAPF_LNS_SAT_mapf-scen-even_scen-even_empty-32-32-even-1_scen-agents10-idx0-seed42-1760867139450,0,1,13,0.0127,1,2,17,21,1,2,21,0.0010,0.0350,0.1370,0.0850,0.0067,1
_home_max_Documents_PhD_MAPF_LNS_MAPF_LNS_SAT_mapf-map_empty-32-32_map-_home_max_Documents_PhD_MAPF_LNS_MAPF_LNS_SAT_mapf-scen-even_scen-even_empty-32-32-even-1_scen-agents10-idx1-seed42-1760867139514,0,0,8,0.0078,1,2,5,7,2,4,33,0.0000,0.0280,0.1860,0.1390,0.0225,1
