experiment_id,makespan_attempt,makespan,zones_attempted,zones_solved,total_waiting_attempts,total_lazy_iterations,total_cnf_clauses,total_cnf_variables,total_mdd_build_ms,total_cnf_build_ms,total_lazy_wall_ms,total_lazy_solver_wall_ms,total_lazy_solver_reported_ms,attempt_wall_ms,solved
_home_max_Documents_PhD_MAPF_LNS_MAPF_LNS_SAT_mapf-map_room-32-32-4_map-_home_max_Documents_PhD_MAPF_LNS_MAPF_LNS_SAT_mapf-scen-even_scen-even_room-32-32-4-even-1_scen-agents10-idx0-seed42-1760991853962,0,46,4,4,9,17,259,106,0.000000,0.087000,0.382000,0.288000,0.033360,5.864000,1
_home_max_Documents_PhD_MAPF_LNS_MAPF_LNS_SAT_mapf-map_room-32-32-4_map-_home_max_Documents_PhD_MAPF_LNS_MAPF_LNS_SAT_mapf-scen-even_scen-even_room-32-32-4-even-1_scen-agents10-idx1-seed42-1760991854018,0,50,4,4,13,30,1554,437,0.000000,0.711000,1.676000,1.406000,0.144974,11.225000,1
_home_max_Documents_PhD_MAPF_LNS_MAPF_LNS_SAT_mapf-map_room-32-32-4_map-_home_max_Documents_PhD_MAPF_LNS_MAPF_LNS_SAT_mapf-scen-even_scen-even_room-32-32-4-even-1_scen-agents10-idx2-seed42-1760991854068,0,51,2,2,5,10,148,59,0.000000,0.061000,0.255000,0.188000,0.028089,6.519000,1
_home_max_Documents_PhD_MAPF_LNS_MAPF_LNS_SAT_mapf-map_room-32-32-4_map-_home_max_Documents_PhD_MAPF_LNS_MAPF_LNS_SAT_mapf-scen-even_scen-even_room-32-32-4-even-1_scen-agents10-idx3-seed42-1760991854118,0,47,2,2,4,9,108,46,0.000000,0.055000,0.253000,0.183000,0.021265,6.982000,1
_home_max_Documents_PhD_MAPF_LNS_MAPF_LNS_SAT_mapf-map_room-32-32-4_map-_home_max_Documents_PhD_MAPF_LNS_MAPF_LNS_SAT_mapf-scen-even_scen-even_room-32-32-4-even-1_scen-agents10-idx4-seed42-1760991854170,0,54,6,6,15,30,1235,395,0.000000,0.448000,1.209000,0.961000,0.104074,10.024000,1
_home_max_Documents_PhD_MAPF_LNS_MAPF_LNS_SAT_mapf-map_room-32-32-4_map-_home_max_Documents_PhD_MAPF_LNS_MAPF_LNS_SAT_mapf-scen-even_scen-even_room-32-32-4-even-1_scen-agents10-idx5-seed42-1760991854221,0,53,0,0,0,0,0,0,0.000000,0.000000,0.000000,0.000000,0.000000,6.472000,1
_home_max_Documents_PhD_MAPF_LNS_MAPF_LNS_SAT_mapf-map_room-32-32-4_map-_home_max_Documents_PhD_MAPF_LNS_MAPF_LNS_SAT_mapf-scen-even_scen-even_room-32-32-4-even-1_scen-agents10-idx6-seed42-1760991854272,0,54,3,2,6,14,439,147,0.000000,0.407000,1.356000,1.156000,0.061096,10.972000,1
_home_max_Documents_PhD_MAPF_LNS_MAPF_LNS_SAT_mapf-map_room-32-32-4_map-_home_max_Documents_PhD_MAPF_LNS_MAPF_LNS_SAT_mapf-scen-even_scen-even_room-32-32-4-even-1_scen-agents10-idx7-seed42-1760991854322,0,52,10,2,29,65,72505,7954,0.000000,18.736000,49.535000,48.257000,1.233442,88.433000,1
_home_max_Documents_PhD_MAPF_LNS_MAPF_LNS_SAT_mapf-map_room-32-32-4_map-_home_max_Documents_PhD_MAPF_LNS_MAPF_LNS_SAT_mapf-scen-even_scen-even_room-32-32-4-even-1_scen-agents10-idx8-seed42-1760991854473,0,54,3,3,7,19,311,107,0.001000,0.257000,0.791000,0.586000,0.068921,12.200000,1
_home_max_Documents_PhD_MAPF_LNS_MAPF_LNS_SAT_mapf-map_room-32-32-4_map-_home_max_Documents_PhD_MAPF_LNS_MAPF_LNS_SAT_mapf-scen-even_scen-even_room-32-32-4-even-1_scen-agents10-idx9-seed42-1760991854525,0,55,0,0,0,0,0,0,0.000000,0.000000,0.000000,0.000000,0.000000,5.751000,1
_home_max_Documents_PhD_MAPF_LNS_MAPF_LNS_SAT_mapf-map_room-32-32-4_map-_home_max_Documents_PhD_MAPF_LNS_MAPF_LNS_SAT_mapf-scen-even_scen-even_room-32-32-4-even-1_scen-agents10-idx10-seed42-1760991854571,0,53,4,4,9,16,389,143,0.000000,0.130000,0.509000,0.418000,0.038724,6.812000,1
_home_max_Documents_PhD_MAPF_LNS_MAPF_LNS_SAT_mapf-map_room-32-32-4_map-_home_max_Documents_PhD_MAPF_LNS_MAPF_LNS_SAT_mapf-scen-even_scen-even_room-32-32-4-even-1_scen-agents10-idx11-seed42-1760991854626,0,53,21,3,59,137,1793650,60573,0.008000,894.924000,1362.700000,1351.628000,21.591733,2407.952000,1
_home_max_Documents_PhD_MAPF_LNS_MAPF_LNS_SAT_mapf-map_room-32-32-4_map-_home_max_Documents_PhD_MAPF_LNS_MAPF_LNS_SAT_mapf-scen-even_scen-even_room-32-32-4-even-1_scen-agents10-idx12-seed42-1760991857085,0,41,1,1,5,21,1112,298,0.000000,0.497000,1.605000,1.289000,0.269943,7.646000,1
_home_max_Documents_PhD_MAPF_LNS_MAPF_LNS_SAT_mapf-map_room-32-32-4_map-_home_max_Documents_PhD_MAPF_LNS_MAPF_LNS_SAT_mapf-scen-even_scen-even_room-32-32-4-even-2_scen-agents10-idx0-seed42-1760991857135,0,51,4,4,11,24,526,165,0.000000,0.300000,1.001000,0.778000,0.078682,11.776000,1
_home_max_Documents_PhD_MAPF_LNS_MAPF_LNS_SAT_mapf-map_room-32-32-4_map-_home_max_Documents_PhD_MAPF_LNS_MAPF_LNS_SAT_mapf-scen-even_scen-even_room-32-32-4-even-2_scen-agents10-idx1-seed42-1760991857185,0,50,12,4,38,84,5281,1483,0.000000,1.891000,4.036000,3.476000,0.289059,19.009000,1
_home_max_Documents_PhD_MAPF_LNS_MAPF_LNS_SAT_mapf-map_room-32-32-4_map-_home_max_Documents_PhD_MAPF_LNS_MAPF_LNS_SAT_mapf-scen-even_scen-even_room-32-32-4-even-2_scen-agents10-idx2-seed42-1760991857232,0,54,5,5,13,25,866,276,0.000000,0.389000,1.202000,0.976000,0.081833,9.006000,1
_home_max_Documents_PhD_MAPF_LNS_MAPF_LNS_SAT_mapf-map_room-32-32-4_map-_home_max_Documents_PhD_MAPF_LNS_MAPF_LNS_SAT_mapf-scen-even_scen-even_room-32-32-4-even-2_scen-agents10-idx3-seed42-1760991857286,0,51,2,2,6,18,422,170,0.000000,0.260000,0.848000,0.635000,0.107972,9.383000,1
_home_max_Documents_PhD_MAPF_LNS_MAPF_LNS_SAT_mapf-map_room-32-32-4_map-_home_max_Documents_PhD_MAPF_LNS_MAPF_LNS_SAT_mapf-scen-even_scen-even_room-32-32-4-even-2_scen-agents10-idx4-seed42-1760991857337,0,53,5,3,15,31,1901,511,0.000000,0.560000,1.652000,1.457000,0.119491,8.330000,1
_home_max_Documents_PhD_MAPF_LNS_MAPF_LNS_SAT_mapf-map_room-32-32-4_map-_home_max_Documents_PhD_MAPF_LNS_MAPF_LNS_SAT_mapf-scen-even_scen-even_room-32-32-4-even-2_scen-agents10-idx5-seed42-1760991857388,0,49,3,3,9,18,495,177,0.000000,0.317000,0.875000,0.670000,0.073977,10.968000,1
_home_max_Documents_PhD_MAPF_LNS_MAPF_LNS_SAT_mapf-map_room-32-32-4_map-_home_max_Documents_PhD_MAPF_LNS_MAPF_LNS_SAT_mapf-scen-even_scen-even_room-32-32-4-even-2_scen-agents10-idx6-seed42-1760991857438,0,55,4,4,8,15,202,88,0.001000,0.132000,0.656000,0.500000,0.055465,9.225000,1
_home_max_Documents_PhD_MAPF_LNS_MAPF_LNS_SAT_mapf-map_room-32-32-4_map-_home_max_Documents_PhD_MAPF_LNS_MAPF_LNS_SAT_mapf-scen-even_scen-even_room-32-32-4-even-2_scen-agents10-idx7-seed42-1760991857490,0,54,1,1,3,7,94,38,0.000000,0.041000,0.186000,0.139000,0.019539,5.724000,1
_home_max_Documents_PhD_MAPF_LNS_MAPF_LNS_SAT_mapf-map_room-32-32-4_map-_home_max_Documents_PhD_MAPF_LNS_MAPF_LNS_SAT_mapf-scen-even_scen-even_room-32-32-4-even-2_scen-agents10-idx8-seed42-1760991857539,0,48,4,3,14,31,6106,1138,0.000000,1.853000,3.431000,3.162000,0.206688,13.314000,1
_home_max_Documents_PhD_MAPF_LNS_MAPF_LNS_SAT_mapf-map_room-32-32-4_map-_home_max_Documents_PhD_MAPF_LNS_MAPF_LNS_SAT_mapf-scen-even_scen-even_room-32-32-4-even-2_scen-agents10-idx9-seed42-1760991857590,0,54,1,1,5,16,1461,414,0.000000,1.161000,2.466000,2.079000,0.299304,14.846000,1
_home_max_Documents_PhD_MAPF_LNS_MAPF_LNS_SAT_mapf-map_room-32-32-4_map-_home_max_Documents_PhD_MAPF_LNS_MAPF_LNS_SAT_mapf-scen-even_scen-even_room-32-32-4-even-2_scen-agents10-idx10-seed42-1760991857642,0,53,8,4,27,56,9719,2162,0.002000,4.753000,9.900000,9.234000,0.366165,31.708000,1
_home_max_Documents_PhD_MAPF_LNS_MAPF_LNS_SAT_mapf-map_room-32-32-4_map-_home_max_Documents_PhD_MAPF_LNS_MAPF_LNS_SAT_mapf-scen-even_scen-even_room-32-32-4-even-2_scen-agents10-idx11-seed42-1760991857688,0,56,3,3,3,8,64,29,0.001000,0.067000,0.470000,0.348000,0.033362,6.911000,1
_home_max_Documents_PhD_MAPF_LNS_MAPF_LNS_SAT_mapf-map_room-32-32-4_map-_home_max_Documents_PhD_MAPF_LNS_MAPF_LNS_SAT_mapf-scen-even_scen-even_room-32-32-4-even-2_scen-agents10-idx12-seed42-1760991857742,0,55,4,2,12,28,1295,374,0.000000,0.627000,1.393000,1.136000,0.121739,10.604000,1
_home_max_Documents_PhD_MAPF_LNS_MAPF_LNS_SAT_mapf-map_room-32-32-4_map-_home_max_Documents_PhD_MAPF_LNS_MAPF_LNS_SAT_mapf-scen-even_scen-even_room-32-32-4-even-3_scen-agents10-idx0-seed42-1760991857794,0,53,24,2,46,96,14220372,213776,0.015000,14072.266000,17998.896000,17904.560000,118.431479,32775.797000,1
_home_max_Documents_PhD_MAPF_LNS_MAPF_LNS_SAT_mapf-map_room-32-32-4_map-_home_max_Documents_PhD_MAPF_LNS_MAPF_LNS_SAT_mapf-scen-even_scen-even_room-32-32-4-even-3_scen-agents10-idx1-seed42-1760991890648,0,50,2,2,2,3,49,20,0.000000,0.028000,0.163000,0.131000,0.029286,6.299000,1
_home_max_Documents_PhD_MAPF_LNS_MAPF_LNS_SAT_mapf-map_room-32-32-4_map-_home_max_Documents_PhD_MAPF_LNS_MAPF_LNS_SAT_mapf-scen-even_scen-even_room-32-32-4-even-3_scen-agents10-idx2-seed42-1760991890699,0,54,5,5,16,35,873,305,0.000000,0.387000,1.089000,0.844000,0.080534,10.787000,1
_home_max_Documents_PhD_MAPF_LNS_MAPF_LNS_SAT_mapf-map_room-32-32-4_map-_home_max_Documents_PhD_MAPF_LNS_MAPF_LNS_SAT_mapf-scen-even_scen-even_room-32-32-4-even-3_scen-agents10-idx3-seed42-1760991890749,0,54,5,5,9,16,297,123,0.000000,0.152000,0.502000,0.386000,0.040906,9.234000,1
_home_max_Documents_PhD_MAPF_LNS_MAPF_LNS_SAT_mapf-map_room-32-32-4_map-_home_max_Documents_PhD_MAPF_LNS_MAPF_LNS_SAT_mapf-scen-even_scen-even_room-32-32-4-even-3_scen-agents10-idx4-seed42-1760991890799,0,46,1,1,3,9,150,48,0.000000,0.087000,0.416000,0.318000,0.040529,8.332000,1
_home_max_Documents_PhD_MAPF_LNS_MAPF_LNS_SAT_mapf-map_room-32-32-4_map-_home_max_Documents_PhD_MAPF_LNS_MAPF_LNS_SAT_mapf-scen-even_scen-even_room-32-32-4-even-3_scen-agents10-idx5-seed42-1760991890851,0,54,4,4,6,19,365,138,0.000000,0.230000,0.691000,0.468000,0.079980,8.764000,1
_home_max_Documents_PhD_MAPF_LNS_MAPF_LNS_SAT_mapf-map_room-32-32-4_map-_home_max_Documents_PhD_MAPF_LNS_MAPF_LNS_SAT_mapf-scen-even_scen-even_room-32-32-4-even-3_scen-agents10-idx6-seed42-1760991890901,0,59,7,4,26,52,2181,660,0.000000,0.716000,1.693000,1.417000,0.136765,11.419000,1
_home_max_Documents_PhD_MAPF_LNS_MAPF_LNS_SAT_mapf-map_room-32-32-4_map-_home_max_Documents_PhD_MAPF_LNS_MAPF_LNS_SAT_mapf-scen-even_scen-even_room-32-32-4-even-3_scen-agents10-idx7-seed42-1760991890952,0,54,4,2,15,29,1472,437,0.000000,0.548000,1.213000,1.033000,0.090980,9.278000,1
_home_max_Documents_PhD_MAPF_LNS_MAPF_LNS_SAT_mapf-map_room-32-32-4_map-_home_max_Documents_PhD_MAPF_LNS_MAPF_LNS_SAT_mapf-scen-even_scen-even_room-32-32-4-even-3_scen-agents10-idx8-seed42-1760991891003,0,50,8,6,12,31,429,174,0.000000,0.249000,0.917000,0.644000,0.066724,8.976000,1
_home_max_Documents_PhD_MAPF_LNS_MAPF_LNS_SAT_mapf-map_room-32-32-4_map-_home_max_Documents_PhD_MAPF_LNS_MAPF_LNS_SAT_mapf-scen-even_scen-even_room-32-32-4-even-3_scen-agents10-idx9-seed42-1760991891055,0,54,6,6,9,17,385,158,0.000000,0.324000,1.385000,0.770000,0.095497,11.834000,1
_home_max_Documents_PhD_MAPF_LNS_MAPF_LNS_SAT_mapf-map_room-32-32-4_map-_home_max_Documents_PhD_MAPF_LNS_MAPF_LNS_SAT_mapf-scen-even_scen-even_room-32-32-4-even-3_scen-agents10-idx10-seed42-1760991891104,0,49,12,9,31,74,2484,779,0.001000,1.233000,3.218000,2.663000,0.248767,17.945000,1
_home_max_Documents_PhD_MAPF_LNS_MAPF_LNS_SAT_mapf-map_room-32-32-4_map-_home_max_Documents_PhD_MAPF_LNS_MAPF_LNS_SAT_mapf-scen-even_scen-even_room-32-32-4-even-3_scen-agents10-idx11-seed42-1760991891155,0,57,7,6,17,41,2378,645,0.000000,0.774000,1.809000,1.519000,0.162926,11.762000,1
_home_max_Documents_PhD_MAPF_LNS_MAPF_LNS_SAT_mapf-map_room-32-32-4_map-_home_max_Documents_PhD_MAPF_LNS_MAPF_LNS_SAT_mapf-scen-even_scen-even_room-32-32-4-even-3_scen-agents10-idx12-seed42-1760991891204,0,44,38,1,56,156,23023003,375184,0.004000,34561.558000,33580.108000,33325.146000,222.197775,69210.967000,0
_home_max_Documents_PhD_MAPF_LNS_MAPF_LNS_SAT_mapf-map_room-32-32-4_map-_home_max_Documents_PhD_MAPF_LNS_MAPF_LNS_SAT_mapf-scen-even_scen-even_room-32-32-4-even-3_scen-agents10-idx12-seed42-1760991891204,1,45,19,3,55,133,1350168,39313,0.006000,648.605000,954.107000,947.205000,15.839763,1688.071000,1
_home_max_Documents_PhD_MAPF_LNS_MAPF_LNS_SAT_mapf-map_room-32-32-4_map-_home_max_Documents_PhD_MAPF_LNS_MAPF_LNS_SAT_mapf-scen-even_scen-even_room-32-32-4-even-4_scen-agents10-idx0-seed42-1760991962146,0,51,1,1,4,10,461,122,0.000000,0.139000,0.539000,0.459000,0.067277,7.714000,1
_home_max_Documents_PhD_MAPF_LNS_MAPF_LNS_SAT_mapf-map_room-32-32-4_map-_home_max_Documents_PhD_MAPF_LNS_MAPF_LNS_SAT_mapf-scen-even_scen-even_room-32-32-4-even-4_scen-agents10-idx1-seed42-1760991962200,0,45,1,1,2,3,72,33,0.000000,0.056000,0.249000,0.206000,0.029876,15.948000,1
_home_max_Documents_PhD_MAPF_LNS_MAPF_LNS_SAT_mapf-map_room-32-32-4_map-_home_max_Documents_PhD_MAPF_LNS_MAPF_LNS_SAT_mapf-scen-even_scen-even_room-32-32-4-even-4_scen-agents10-idx2-seed42-1760991962251,0,50,1,1,2,3,68,32,0.000000,0.044000,0.140000,0.108000,0.013686,6.877000,1
_home_max_Documents_PhD_MAPF_LNS_MAPF_LNS_SAT_mapf-map_room-32-32-4_map-_home_max_Documents_PhD_MAPF_LNS_MAPF_LNS_SAT_mapf-scen-even_scen-even_room-32-32-4-even-4_scen-agents10-idx3-seed42-1760991962301,0,44,3,3,8,18,534,193,0.000000,0.200000,0.666000,0.536000,0.065553,7.075000,1
_home_max_Documents_PhD_MAPF_LNS_MAPF_LNS_SAT_mapf-map_room-32-32-4_map-_home_max_Documents_PhD_MAPF_LNS_MAPF_LNS_SAT_mapf-scen-even_scen-even_room-32-32-4-even-4_scen-agents10-idx4-seed42-1760991962352,0,51,7,4,20,38,1977,601,0.000000,0.672000,1.506000,1.278000,0.101249,11.172000,1
_home_max_Documents_PhD_MAPF_LNS_MAPF_LNS_SAT_mapf-map_room-32-32-4_map-_home_max_Documents_PhD_MAPF_LNS_MAPF_LNS_SAT_mapf-scen-even_scen-even_room-32-32-4-even-4_scen-agents10-idx5-seed42-1760991962403,0,51,8,7,19,41,799,312,0.000000,0.296000,0.925000,0.686000,0.069773,9.204000,1
_home_max_Documents_PhD_MAPF_LNS_MAPF_LNS_SAT_mapf-map_room-32-32-4_map-_home_max_Documents_PhD_MAPF_LNS_MAPF_LNS_SAT_mapf-scen-even_scen-even_room-32-32-4-even-4_scen-agents10-idx6-seed42-1760991962453,0,44,1,1,1,1,30,16,0.000000,0.017000,0.072000,0.060000,0.009181,5.527000,1
_home_max_Documents_PhD_MAPF_LNS_MAPF_LNS_SAT_mapf-map_room-32-32-4_map-_home_max_Documents_PhD_MAPF_LNS_MAPF_LNS_SAT_mapf-scen-even_scen-even_room-32-32-4-even-4_scen-agents10-idx7-seed42-1760991962505,0,49,3,3,7,19,282,99,0.001000,0.224000,0.873000,0.641000,0.081347,13.861000,1
_home_max_Documents_PhD_MAPF_LNS_MAPF_LNS_SAT_mapf-map_room-32-32-4_map-_home_max_Documents_PhD_MAPF_LNS_MAPF_LNS_SAT_mapf-scen-even_scen-even_room-32-32-4-even-4_scen-agents10-idx8-seed42-1760991962556,0,40,5,3,15,30,1194,365,0.000000,0.439000,1.020000,0.836000,0.070478,8.746000,1
_home_max_Documents_PhD_MAPF_LNS_MAPF_LNS_SAT_mapf-map_room-32-32-4_map-_home_max_Documents_PhD_MAPF_LNS_MAPF_LNS_SAT_mapf-scen-even_scen-even_room-32-32-4-even-4_scen-agents10-idx9-seed42-1760991962606,0,49,3,3,9,20,345,128,0.000000,0.140000,0.535000,0.406000,0.046114,7.877000,1
_home_max_Documents_PhD_MAPF_LNS_MAPF_LNS_SAT_mapf-map_room-32-32-4_map-_home_max_Documents_PhD_MAPF_LNS_MAPF_LNS_SAT_mapf-scen-even_scen-even_room-32-32-4-even-4_scen-agents10-idx10-seed42-1760991962655,0,48,8,4,18,45,1330,524,0.000000,0.987000,2.348000,1.808000,0.184274,15.442000,1
_home_max_Documents_PhD_MAPF_LNS_MAPF_LNS_SAT_mapf-map_room-32-32-4_map-_home_max_Documents_PhD_MAPF_LNS_MAPF_LNS_SAT_mapf-scen-even_scen-even_room-32-32-4-even-4_scen-agents10-idx11-seed42-1760991962707,0,44,3,1,13,28,1614,439,0.000000,0.496000,1.098000,0.953000,0.102896,7.795000,1
_home_max_Documents_PhD_MAPF_LNS_MAPF_LNS_SAT_mapf-map_room-32-32-4_map-_home_max_Documents_PhD_MAPF_LNS_MAPF_LNS_SAT_mapf-scen-even_scen-even_room-32-32-4-even-5_scen-agents10-idx0-seed42-1760991962759,0,52,5,4,13,25,500,193,0.000000,0.200000,0.628000,0.494000,0.045703,8.012000,1
_home_max_Documents_PhD_MAPF_LNS_MAPF_LNS_SAT_mapf-map_room-32-32-4_map-_home_max_Documents_PhD_MAPF_LNS_MAPF_LNS_SAT_mapf-scen-even_scen-even_room-32-32-4-even-5_scen-agents10-idx1-seed42-1760991962811,0,45,4,2,14,27,1700,436,0.000000,0.658000,1.920000,1.720000,0.110137,12.164000,1
_home_max_Documents_PhD_MAPF_LNS_MAPF_LNS_SAT_mapf-map_room-32-32-4_map-_home_max_Documents_PhD_MAPF_LNS_MAPF_LNS_SAT_mapf-scen-even_scen-even_room-32-32-4-even-5_scen-agents10-idx2-seed42-1760991962860,0,46,5,5,9,24,411,130,0.000000,0.167000,0.666000,0.489000,0.057868,8.518000,1
_home_max_Documents_PhD_MAPF_LNS_MAPF_LNS_SAT_mapf-map_room-32-32-4_map-_home_max_Documents_PhD_MAPF_LNS_MAPF_LNS_SAT_mapf-scen-even_scen-even_room-32-32-4-even-5_scen-agents10-idx3-seed42-1760991962911,0,51,1,1,4,11,322,99,0.000000,0.394000,0.526000,0.403000,0.054137,9.621000,1
_home_max_Documents_PhD_MAPF_LNS_MAPF_LNS_SAT_mapf-map_room-32-32-4_map-_home_max_Documents_PhD_MAPF_LNS_MAPF_LNS_SAT_mapf-scen-even_scen-even_room-32-32-4-even-5_scen-agents10-idx4-seed42-1760991962961,0,45,3,3,3,6,72,31,0.000000,0.050000,0.245000,0.181000,0.025687,8.428000,1
_home_max_Documents_PhD_MAPF_LNS_MAPF_LNS_SAT_mapf-map_room-32-32-4_map-_home_max_Documents_PhD_MAPF_LNS_MAPF_LNS_SAT_mapf-scen-even_scen-even_room-32-32-4-even-5_scen-agents10-idx5-seed42-1760991963011,0,52,2,2,3,4,52,25,0.000000,0.044000,0.196000,0.151000,0.017815,8.581000,1
_home_max_Documents_PhD_MAPF_LNS_MAPF_LNS_SAT_mapf-map_room-32-32-4_map-_home_max_Documents_PhD_MAPF_LNS_MAPF_LNS_SAT_mapf-scen-even_scen-even_room-32-32-4-even-5_scen-agents10-idx6-seed42-1760991963062,0,47,7,7,15,37,598,232,0.000000,0.199000,0.872000,0.640000,0.082648,8.466000,1
_home_max_Documents_PhD_MAPF_LNS_MAPF_LNS_SAT_mapf-map_room-32-32-4_map-_home_max_Documents_PhD_MAPF_LNS_MAPF_LNS_SAT_mapf-scen-even_scen-even_room-32-32-4-even-5_scen-agents10-idx7-seed42-1760991963112,0,37,1,1,2,3,122,59,0.000000,0.055000,0.170000,0.140000,0.011949,4.811000,1
_home_max_Documents_PhD_MAPF_LNS_MAPF_LNS_SAT_mapf-map_room-32-32-4_map-_home_max_Documents_PhD_MAPF_LNS_MAPF_LNS_SAT_mapf-scen-even_scen-even_room-32-32-4-even-5_scen-agents10-idx8-seed42-1760991963163,0,53,24,4,68,158,4758368,121254,0.015000,3322.927000,4609.710000,4581.985000,52.337618,8250.252000,1
_home_max_Documents_PhD_MAPF_LNS_MAPF_LNS_SAT_mapf-map_room-32-32-4_map-_home_max_Documents_PhD_MAPF_LNS_MAPF_LNS_SAT_mapf-scen-even_scen-even_room-32-32-4-even-5_scen-agents10-idx9-seed42-1760991971436,0,41,4,4,9,21,193,90,0.000000,0.064000,0.314000,0.208000,0.030614,4.461000,1
_home_max_Documents_PhD_MAPF_LNS_MAPF_LNS_SAT_mapf-map_room-32-32-4_map-_home_max_Documents_PhD_MAPF_LNS_MAPF_LNS_SAT_mapf-scen-even_scen-even_room-32-32-4-even-5_scen-agents10-idx10-seed42-1760991971491,0,49,2,2,5,12,162,61,0.000000,0.120000,0.507000,0.369000,0.048129,8.617000,1
_home_max_Documents_PhD_MAPF_LNS_MAPF_LNS_SAT_mapf-map_room-32-32-4_map-_home_max_Documents_PhD_MAPF_LNS_MAPF_LNS_SAT_mapf-scen-even_scen-even_room-32-32-4-even-5_scen-agents10-idx11-seed42-1760991971541,0,50,1,1,2,3,101,46,0.000000,0.089000,0.216000,0.169000,0.022076,6.758000,1
_home_max_Documents_PhD_MAPF_LNS_MAPF_LNS_SAT_mapf-map_room-32-32-4_map-_home_max_Documents_PhD_MAPF_LNS_MAPF_LNS_SAT_mapf-scen-even_scen-even_room-32-32-4-even-6_scen-agents10-idx0-seed42-1760991971593,0,52,11,8,35,73,6390,1560,0.000000,2.510000,4.836000,4.220000,0.274692,21.952000,1
_home_max_Documents_PhD_MAPF_LNS_MAPF_LNS_SAT_mapf-map_room-32-32-4_map-_home_max_Documents_PhD_MAPF_LNS_MAPF_LNS_SAT_mapf-scen-even_scen-even_room-32-32-4-even-6_scen-agents10-idx1-seed42-1760991971642,0,48,2,2,4,9,224,78,0.000000,0.133000,0.462000,0.366000,0.052200,8.398000,1
_home_max_Documents_PhD_MAPF_LNS_MAPF_LNS_SAT_mapf-map_room-32-32-4_map-_home_max_Documents_PhD_MAPF_LNS_MAPF_LNS_SAT_mapf-scen-even_scen-even_room-32-32-4-even-6_scen-agents10-idx2-seed42-1760991971694,0,46,1,1,1,1,24,10,0.000000,0.024000,0.128000,0.108000,0.014449,7.902000,1
_home_max_Documents_PhD_MAPF_LNS_MAPF_LNS_SAT_mapf-map_room-32-32-4_map-_home_max_Documents_PhD_MAPF_LNS_MAPF_LNS_SAT_mapf-scen-even_scen-even_room-32-32-4-even-6_scen-agents10-idx3-seed42-1760991971744,0,50,3,3,6,11,145,65,0.000000,0.068000,0.272000,0.194000,0.024850,6.913000,1
_home_max_Documents_PhD_MAPF_LNS_MAPF_LNS_SAT_mapf-map_room-32-32-4_map-_home_max_Documents_PhD_MAPF_LNS_MAPF_LNS_SAT_mapf-scen-even_scen-even_room-32-32-4-even-6_scen-agents10-idx4-seed42-1760991971795,0,42,5,5,7,15,273,94,0.000000,0.158000,0.601000,0.456000,0.044247,9.935000,1
_home_max_Documents_PhD_MAPF_LNS_MAPF_LNS_SAT_mapf-map_room-32-32-4_map-_home_max_Documents_PhD_MAPF_LNS_MAPF_LNS_SAT_mapf-scen-even_scen-even_room-32-32-4-even-6_scen-agents10-idx5-seed42-1760991971846,0,48,4,4,8,19,302,107,0.000000,0.147000,0.590000,0.431000,0.048056,8.821000,1
_home_max_Documents_PhD_MAPF_LNS_MAPF_LNS_SAT_mapf-map_room-32-32-4_map-_home_max_Documents_PhD_MAPF_LNS_MAPF_LNS_SAT_mapf-scen-even_scen-even_room-32-32-4-even-6_scen-agents10-idx6-seed42-1760991971897,0,49,13,4,36,83,3694,1255,0.000000,1.315000,4.288000,3.691000,0.201945,17.634000,1
_home_max_Documents_PhD_MAPF_LNS_MAPF_LNS_SAT_mapf-map_room-32-32-4_map-_home_max_Documents_PhD_MAPF_LNS_MAPF_LNS_SAT_mapf-scen-even_scen-even_room-32-32-4-even-6_scen-agents10-idx7-seed42-1760991971945,0,48,6,5,13,26,458,191,0.000000,0.297000,1.123000,0.778000,0.068455,11.012000,1
_home_max_Documents_PhD_MAPF_LNS_MAPF_LNS_SAT_mapf-map_room-32-32-4_map-_home_max_Documents_PhD_MAPF_LNS_MAPF_LNS_SAT_mapf-scen-even_scen-even_room-32-32-4-even-6_scen-agents10-idx8-seed42-1760991971998,0,52,2,2,3,6,54,25,0.000000,0.029000,0.174000,0.123000,0.015931,7.172000,1
_home_max_Documents_PhD_MAPF_LNS_MAPF_LNS_SAT_mapf-map_room-32-32-4_map-_home_max_Documents_PhD_MAPF_LNS_MAPF_LNS_SAT_mapf-scen-even_scen-even_room-32-32-4-even-6_scen-agents10-idx9-seed42-1760991972049,0,45,2,2,3,5,43,23,0.000000,0.026000,0.131000,0.092000,0.013005,6.237000,1
_home_max_Documents_PhD_MAPF_LNS_MAPF_LNS_SAT_mapf-map_room-32-32-4_map-_home_max_Documents_PhD_MAPF_LNS_MAPF_LNS_SAT_mapf-scen-even_scen-even_room-32-32-4-even-6_scen-agents10-idx10-seed42-1760991972099,0,52,5,5,9,16,255,109,0.000000,0.118000,0.417000,0.300000,0.028782,8.445000,1
_home_max_Documents_PhD_MAPF_LNS_MAPF_LNS_SAT_mapf-map_room-32-32-4_map-_home_max_Documents_PhD_MAPF_LNS_MAPF_LNS_SAT_mapf-scen-even_scen-even_room-32-32-4-even-6_scen-agents10-idx11-seed42-1760991972150,0,40,4,3,11,21,401,165,0.000000,0.180000,0.631000,0.495000,0.045685,8.140000,1
_home_max_Documents_PhD_MAPF_LNS_MAPF_LNS_SAT_mapf-map_room-32-32-4_map-_home_max_Documents_PhD_MAPF_LNS_MAPF_LNS_SAT_mapf-scen-even_scen-even_room-32-32-4-even-7_scen-agents10-idx0-seed42-1760991972201,0,37,1,1,4,9,354,101,0.000000,0.144000,0.424000,0.359000,0.046186,6.760000,1
_home_max_Documents_PhD_MAPF_LNS_MAPF_LNS_SAT_mapf-map_room-32-32-4_map-_home_max_Documents_PhD_MAPF_LNS_MAPF_LNS_SAT_mapf-scen-even_scen-even_room-32-32-4-even-7_scen-agents10-idx1-seed42-1760991972251,0,39,4,3,14,29,1306,392,0.000000,0.390000,0.935000,0.795000,0.075145,6.807000,1
_home_max_Documents_PhD_MAPF_LNS_MAPF_LNS_SAT_mapf-map_room-32-32-4_map-_home_max_Documents_PhD_MAPF_LNS_MAPF_LNS_SAT_mapf-scen-even_scen-even_room-32-32-4-even-7_scen-agents10-idx2-seed42-1760991972303,0,49,18,1,54,127,7735168,160394,0.017000,6366.212000,7851.403000,7810.570000,80.375623,14657.209000,1
_home_max_Documents_PhD_MAPF_LNS_MAPF_LNS_SAT_mapf-map_room-32-32-4_map-_home_max_Documents_PhD_MAPF_LNS_MAPF_LNS_SAT_mapf-scen-even_scen-even_room-32-32-4-even-7_scen-agents10-idx3-seed42-1760991986991,0,37,2,2,4,10,192,60,0.000000,0.056000,0.230000,0.170000,0.023045,3.861000,1
_home_max_Documents_PhD_MAPF_LNS_MAPF_LNS_SAT_mapf-map_room-32-32-4_map-_home_max_Documents_PhD_MAPF_LNS_MAPF_LNS_SAT_mapf-scen-even_scen-even_room-32-32-4-even-7_scen-agents10-idx4-seed42-1760991987046,0,50,7,7,10,18,295,127,0.000000,0.241000,0.796000,0.573000,0.049855,11.503000,1
_home_max_Documents_PhD_MAPF_LNS_MAPF_LNS_SAT_mapf-map_room-32-32-4_map-_home_max_Documents_PhD_MAPF_LNS_MAPF_LNS_SAT_mapf-scen-even_scen-even_room-32-32-4-even-7_scen-agents10-idx5-seed42-1760991987095,0,50,28,3,29,60,12335826,148019,0.000000,24327.195000,16324.276000,15842.703000,101.500017,41241.863000,1
_home_max_Documents_PhD_MAPF_LNS_MAPF_LNS_SAT_mapf-map_room-32-32-4_map-_home_max_Documents_PhD_MAPF_LNS_MAPF_LNS_SAT_mapf-scen-even_scen-even_room-32-32-4-even-7_scen-agents10-idx6-seed42-1760992028415,0,51,8,7,21,45,731,289,0.000000,0.315000,1.237000,0.878000,0.102098,10.631000,1
_home_max_Documents_PhD_MAPF_LNS_MAPF_LNS_SAT_mapf-map_room-32-32-4_map-_home_max_Documents_PhD_MAPF_LNS_MAPF_LNS_SAT_mapf-scen-even_scen-even_room-32-32-4-even-7_scen-agents10-idx7-seed42-1760992028467,0,43,4,3,13,26,879,278,0.000000,0.546000,1.415000,1.160000,0.096558,11.510000,1
_home_max_Documents_PhD_MAPF_LNS_MAPF_LNS_SAT_mapf-map_room-32-32-4_map-_home_max_Documents_PhD_MAPF_LNS_MAPF_LNS_SAT_mapf-scen-even_scen-even_room-32-32-4-even-7_scen-agents10-idx8-seed42-1760992028518,0,40,2,2,6,11,385,120,0.000000,0.201000,0.519000,0.431000,0.053514,8.854000,1
_home_max_Documents_PhD_MAPF_LNS_MAPF_LNS_SAT_mapf-map_room-32-32-4_map-_home_max_Documents_PhD_MAPF_LNS_MAPF_LNS_SAT_mapf-scen-even_scen-even_room-32-32-4-even-7_scen-agents10-idx9-seed42-1760992028569,0,45,4,4,7,13,243,85,0.000000,0.121000,0.527000,0.371000,0.039641,9.302000,1
_home_max_Documents_PhD_MAPF_LNS_MAPF_LNS_SAT_mapf-map_room-32-32-4_map-_home_max_Documents_PhD_MAPF_LNS_MAPF_LNS_SAT_mapf-scen-even_scen-even_room-32-32-4-even-7_scen-agents10-idx10-seed42-1760992028619,0,49,41,1,43,87,26444624,362220,0.003000,43029.981000,41295.057000,39827.875000,189.567765,86827.079000,0
_home_max_Documents_PhD_MAPF_LNS_MAPF_LNS_SAT_mapf-map_room-32-32-4_map-_home_max_Documents_PhD_MAPF_LNS_MAPF_LNS_SAT_mapf-scen-even_scen-even_room-32-32-4-even-7_scen-agents10-idx10-seed42-1760992028619,1,50,2,2,5,10,224,78,0.000000,0.069000,0.216000,0.164000,0.015792,4.005000,1
_home_max_Documents_PhD_MAPF_LNS_MAPF_LNS_SAT_mapf-map_room-32-32-4_map-_home_max_Documents_PhD_MAPF_LNS_MAPF_LNS_SAT_mapf-scen-even_scen-even_room-32-32-4-even-7_scen-agents10-idx11-seed42-1760992115531,0,49,2,2,4,8,244,84,0.000000,0.171000,0.496000,0.395000,0.045000,7.018000,1
_home_max_Documents_PhD_MAPF_LNS_MAPF_LNS_SAT_mapf-map_room-32-32-4_map-_home_max_Documents_PhD_MAPF_LNS_MAPF_LNS_SAT_mapf-scen-even_scen-even_room-32-32-4-even-8_scen-agents10-idx0-seed42-1760992115584,0,46,2,2,5,10,214,80,0.000000,0.110000,0.409000,0.313000,0.037223,7.106000,1
_home_max_Documents_PhD_MAPF_LNS_MAPF_LNS_SAT_mapf-map_room-32-32-4_map-_home_max_Documents_PhD_MAPF_LNS_MAPF_LNS_SAT_mapf-scen-even_scen-even_room-32-32-4-even-8_scen-agents10-idx1-seed42-1760992115632,0,41,4,3,12,28,1801,489,0.000000,0.936000,2.384000,2.053000,0.191437,12.955000,1
_home_max_Documents_PhD_MAPF_LNS_MAPF_LNS_SAT_mapf-map_room-32-32-4_map-_home_max_Documents_PhD_MAPF_LNS_MAPF_LNS_SAT_mapf-scen-even_scen-even_room-32-32-4-even-8_scen-agents10-idx2-seed42-1760992115684,0,56,2,2,2,4,45,19,0.000000,0.027000,0.150000,0.108000,0.014368,6.895000,1
_home_max_Documents_PhD_MAPF_LNS_MAPF_LNS_SAT_mapf-map_room-32-32-4_map-_home_max_Documents_PhD_MAPF_LNS_MAPF_LNS_SAT_mapf-scen-even_scen-even_room-32-32-4-even-8_scen-agents10-idx3-seed42-1760992115735,0,51,2,2,6,14,973,258,0.000000,0.380000,0.852000,0.724000,0.066384,8.197000,1
_home_max_Documents_PhD_MAPF_LNS_MAPF_LNS_SAT_mapf-map_room-32-32-4_map-_home_max_Documents_PhD_MAPF_LNS_MAPF_LNS_SAT_mapf-scen-even_scen-even_room-32-32-4-even-8_scen-agents10-idx4-seed42-1760992115783,0,47,8,5,24,43,2524,725,0.001000,0.875000,1.853000,1.608000,0.122711,11.243000,1
_home_max_Documents_PhD_MAPF_LNS_MAPF_LNS_SAT_mapf-map_room-32-32-4_map-_home_max_Documents_PhD_MAPF_LNS_MAPF_LNS_SAT_mapf-scen-even_scen-even_room-32-32-4-even-8_scen-agents10-idx5-seed42-1760992115835,0,54,2,2,7,20,905,252,0.000000,0.360000,0.974000,0.786000,0.128585,9.031000,1
_home_max_Documents_PhD_MAPF_LNS_MAPF_LNS_SAT_mapf-map_room-32-32-4_map-_home_max_Documents_PhD_MAPF_LNS_MAPF_LNS_SAT_mapf-scen-even_scen-even_room-32-32-4-even-8_scen-agents10-idx6-seed42-1760992115887,0,53,28,2,55,112,11009954,195655,0.021000,6595.355000,12577.158000,12507.099000,92.293434,19755.401000,1
_home_max_Documents_PhD_MAPF_LNS_MAPF_LNS_SAT_mapf-map_room-32-32-4_map-_home_max_Documents_PhD_MAPF_LNS_MAPF_LNS_SAT_mapf-scen-even_scen-even_room-32-32-4-even-8_scen-agents10-idx7-seed42-1760992135689,0,55,2,2,5,10,140,66,0.000000,0.049000,0.211000,0.154000,0.026056,3.909000,1
_home_max_Documents_PhD_MAPF_LNS_MAPF_LNS_SAT_mapf-map_room-32-32-4_map-_home_max_Documents_PhD_MAPF_LNS_MAPF_LNS_SAT_mapf-scen-even_scen-even_room-32-32-4-even-8_scen-agents10-idx8-seed42-1760992135741,0,54,8,6,18,53,1436,440,0.000000,0.912000,2.507000,1.950000,0.290909,14.795000,1
_home_max_Documents_PhD_MAPF_LNS_MAPF_LNS_SAT_mapf-map_room-32-32-4_map-_home_max_Documents_PhD_MAPF_LNS_MAPF_LNS_SAT_mapf-scen-even_scen-even_room-32-32-4-even-8_scen-agents10-idx9-seed42-1760992135790,0,54,2,2,4,9,114,47,0.000000,0.042000,0.173000,0.127000,0.017451,4.782000,1
_home_max_Documents_PhD_MAPF_LNS_MAPF_LNS_SAT_mapf-map_room-32-32-4_map-_home_max_Documents_PhD_MAPF_LNS_MAPF_LNS_SAT_mapf-scen-even_scen-even_room-32-32-4-even-8_scen-agents10-idx10-seed42-1760992135841,0,54,4,4,9,20,351,125,0.000000,0.309000,0.991000,0.735000,0.078033,11.073000,1
_home_max_Documents_PhD_MAPF_LNS_MAPF_LNS_SAT_mapf-map_room-32-32-4_map-_home_max_Documents_PhD_MAPF_LNS_MAPF_LNS_SAT_mapf-scen-even_scen-even_room-32-32-4-even-8_scen-agents10-idx11-seed42-1760992135891,0,42,2,2,4,13,210,79,0.000000,0.101000,0.374000,0.264000,0.040840,6.749000,1
_home_max_Documents_PhD_MAPF_LNS_MAPF_LNS_SAT_mapf-map_room-32-32-4_map-_home_max_Documents_PhD_MAPF_LNS_MAPF_LNS_SAT_mapf-scen-even_scen-even_room-32-32-4-even-8_scen-agents10-idx12-seed42-1760992135942,0,53,3,3,7,20,345,131,0.000000,0.121000,0.554000,0.425000,0.066229,6.685000,1
_home_max_Documents_PhD_MAPF_LNS_MAPF_LNS_SAT_mapf-map_room-32-32-4_map-_home_max_Documents_PhD_MAPF_LNS_MAPF_LNS_SAT_mapf-scen-even_scen-even_room-32-32-4-even-1_scen-agents20-idx0-seed42-1760992135990,0,50,14,11,49,111,52086,7577,0.000000,15.054000,40.099000,38.756000,1.021139,76.957000,1
_home_max_Documents_PhD_MAPF_LNS_MAPF_LNS_SAT_mapf-map_room-32-32-4_map-_home_max_Documents_PhD_MAPF_LNS_MAPF_LNS_SAT_mapf-scen-even_scen-even_room-32-32-4-even-1_scen-agents20-idx1-seed42-1760992136091,0,51,10,9,25,67,1922,639,0.000000,0.768000,2.185000,1.640000,0.211698,16.338000,1
_home_max_Documents_PhD_MAPF_LNS_MAPF_LNS_SAT_mapf-map_room-32-32-4_map-_home_max_Documents_PhD_MAPF_LNS_MAPF_LNS_SAT_mapf-scen-even_scen-even_room-32-32-4-even-1_scen-agents20-idx2-seed42-1760992136142,0,54,25,14,72,168,11467,3152,0.000000,3.711000,7.807000,6.595000,0.658545,32.024000,1
_home_max_Documents_PhD_MAPF_LNS_MAPF_LNS_SAT_mapf-map_room-32-32-4_map-_home_max_Documents_PhD_MAPF_LNS_MAPF_LNS_SAT_mapf-scen-even_scen-even_room-32-32-4-even-1_scen-agents20-idx3-seed42-1760992136245,0,54,13,8,40,81,4950,1415,0.001000,1.587000,3.258000,2.799000,0.248857,18.756000,1
_home_max_Documents_PhD_MAPF_LNS_MAPF_LNS_SAT_mapf-map_room-32-32-4_map-_home_max_Documents_PhD_MAPF_LNS_MAPF_LNS_SAT_mapf-scen-even_scen-even_room-32-32-4-even-1_scen-agents20-idx4-seed42-1760992136292,0,55,9,9,26,72,1196,440,0.000000,0.400000,1.340000,0.960000,0.132056,15.681000,1
_home_max_Documents_PhD_MAPF_LNS_MAPF_LNS_SAT_mapf-map_room-32-32-4_map-_home_max_Documents_PhD_MAPF_LNS_MAPF_LNS_SAT_mapf-scen-even_scen-even_room-32-32-4-even-1_scen-agents20-idx5-seed42-1760992136345,0,53,31,11,87,181,3387787,133154,0.036000,2152.854000,2962.633000,2934.836000,43.353080,5440.090000,1
_home_max_Documents_PhD_MAPF_LNS_MAPF_LNS_SAT_mapf-map_room-32-32-4_map-_home_max_Documents_PhD_MAPF_LNS_MAPF_LNS_SAT_mapf-scen-even_scen-even_room-32-32-4-even-2_scen-agents20-idx0-seed42-1760992141859,0,51,31,13,87,194,116861,12940,0.003000,46.631000,71.990000,69.182000,3.004735,158.403000,1
_home_max_Documents_PhD_MAPF_LNS_MAPF_LNS_SAT_mapf-map_room-32-32-4_map-_home_max_Documents_PhD_MAPF_LNS_MAPF_LNS_SAT_mapf-scen-even_scen-even_room-32-32-4-even-2_scen-agents20-idx1-seed42-1760992142057,0,54,13,10,40,104,360593,19570,0.005000,128.883000,245.667000,242.073000,6.479229,430.479000,1
_home_max_Documents_PhD_MAPF_LNS_MAPF_LNS_SAT_mapf-map_room-32-32-4_map-_home_max_Documents_PhD_MAPF_LNS_MAPF_LNS_SAT_mapf-scen-even_scen-even_room-32-32-4-even-2_scen-agents20-idx2-seed42-1760992142507,0,53,14,14,31,62,1267,490,0.000000,0.386000,1.300000,0.954000,0.092445,13.687000,1
_home_max_Documents_PhD_MAPF_LNS_MAPF_LNS_SAT_mapf-map_room-32-32-4_map-_home_max_Documents_PhD_MAPF_LNS_MAPF_LNS_SAT_mapf-scen-even_scen-even_room-32-32-4-even-2_scen-agents20-idx3-seed42-1760992142561,0,55,13,12,31,61,1095,444,0.000000,0.350000,1.147000,0.853000,0.083276,13.149000,1
_home_max_Documents_PhD_MAPF_LNS_MAPF_LNS_SAT_mapf-map_room-32-32-4_map-_home_max_Documents_PhD_MAPF_LNS_MAPF_LNS_SAT_mapf-scen-even_scen-even_room-32-32-4-even-2_scen-agents20-idx4-seed42-1760992142610,0,54,18,11,63,158,110380,14573,0.003000,42.694000,77.408000,75.099000,2.977834,156.750000,1
_home_max_Documents_PhD_MAPF_LNS_MAPF_LNS_SAT_mapf-map_room-32-32-4_map-_home_max_Documents_PhD_MAPF_LNS_MAPF_LNS_SAT_mapf-scen-even_scen-even_room-32-32-4-even-2_scen-agents20-idx5-seed42-1760992142810,0,56,23,17,69,139,15390,3779,0.000000,4.607000,9.680000,8.762000,0.440137,40.546000,1
_home_max_Documents_PhD_MAPF_LNS_MAPF_LNS_SAT_mapf-map_room-32-32-4_map-_home_max_Documents_PhD_MAPF_LNS_MAPF_LNS_SAT_mapf-scen-even_scen-even_room-32-32-4-even-3_scen-agents20-idx0-seed42-1760992142914,0,53,31,9,55,113,32521597,493984,0.035000,65842.783000,48577.107000,46443.154000,269.602320,117340.310000,1
_home_max_Documents_PhD_MAPF_LNS_MAPF_LNS_SAT_mapf-map_room-32-32-4_map-_home_max_Documents_PhD_MAPF_LNS_MAPF_LNS_SAT_mapf-scen-even_scen-even_room-32-32-4-even-3_scen-agents20-idx1-seed42-1760992260342,0,54,16,10,56,127,25336,5477,0.000000,8.530000,15.351000,13.916000,1.183555,47.599000,1
_home_max_Documents_PhD_MAPF_LNS_MAPF_LNS_SAT_mapf-map_room-32-32-4_map-_home_max_Documents_PhD_MAPF_LNS_MAPF_LNS_SAT_mapf-scen-even_scen-even_room-32-32-4-even-3_scen-agents20-idx2-seed42-1760992260445,0,54,15,11,31,87,10729,2486,0.000000,3.421000,7.095000,6.107000,1.188917,25.850000,1
_home_max_Documents_PhD_MAPF_LNS_MAPF_LNS_SAT_mapf-map_room-32-32-4_map-_home_max_Documents_PhD_MAPF_LNS_MAPF_LNS_SAT_mapf-scen-even_scen-even_room-32-32-4-even-3_scen-agents20-idx3-seed42-1760992260491,0,59,13,8,44,86,10216,2305,0.000000,3.115000,5.644000,5.139000,0.409165,23.404000,1
_home_max_Documents_PhD_MAPF_LNS_MAPF_LNS_SAT_mapf-map_room-32-32-4_map-_home_max_Documents_PhD_MAPF_LNS_MAPF_LNS_SAT_mapf-scen-even_scen-even_room-32-32-4-even-3_scen-agents20-idx4-seed42-1760992260543,0,54,14,12,34,82,26942,4251,0.000000,9.963000,15.242000,14.439000,0.877884,42.145000,1
_home_max_Documents_PhD_MAPF_LNS_MAPF_LNS_SAT_mapf-map_room-32-32-4_map-_home_max_Documents_PhD_MAPF_LNS_MAPF_LNS_SAT_mapf-scen-even_scen-even_room-32-32-4-even-3_scen-agents20-idx5-seed42-1760992260648,0,57,22,16,71,156,23764,4416,0.000000,6.522000,14.467000,13.459000,0.777882,42.596000,1
_home_max_Documents_PhD_MAPF_LNS_MAPF_LNS_SAT_mapf-map_room-32-32-4_map-_home_max_Documents_PhD_MAPF_LNS_MAPF_LNS_SAT_mapf-scen-even_scen-even_room-32-32-4-even-4_scen-agents20-idx0-seed42-1760992260750,0,51,8,7,18,42,1241,402,0.000000,0.413000,1.047000,0.816000,0.078433,14.265000,1
_home_max_Documents_PhD_MAPF_LNS_MAPF_LNS_SAT_mapf-map_room-32-32-4_map-_home_max_Documents_PhD_MAPF_LNS_MAPF_LNS_SAT_mapf-scen-even_scen-even_room-32-32-4-even-4_scen-agents20-idx1-seed42-1760992260796,0,50,9,8,23,57,1571,589,0.000000,0.487000,1.656000,1.315000,0.145029,12.265000,1
_home_max_Documents_PhD_MAPF_LNS_MAPF_LNS_SAT_mapf-map_room-32-32-4_map-_home_max_Documents_PhD_MAPF_LNS_MAPF_LNS_SAT_mapf-scen-even_scen-even_room-32-32-4-even-4_scen-agents20-idx2-seed42-1760992260850,0,51,13,12,43,140,12329,2674,0.000000,4.034000,9.843000,8.612000,1.026487,36.545000,1
_home_max_Documents_PhD_MAPF_LNS_MAPF_LNS_SAT_mapf-map_room-32-32-4_map-_home_max_Documents_PhD_MAPF_LNS_MAPF_LNS_SAT_mapf-scen-even_scen-even_room-32-32-4-even-4_scen-agents20-idx3-seed42-1760992260948,0,49,8,8,17,40,821,277,0.001000,0.239000,0.836000,0.628000,0.076459,10.651000,1
_home_max_Documents_PhD_MAPF_LNS_MAPF_LNS_SAT_mapf-map_room-32-32-4_map-_home_max_Documents_PhD_MAPF_LNS_MAPF_LNS_SAT_mapf-scen-even_scen-even_room-32-32-4-even-4_scen-agents20-idx4-seed42-1760992261000,0,49,10,8,26,63,1710,581,0.001000,0.549000,1.482000,1.143000,0.121745,12.679000,1
_home_max_Documents_PhD_MAPF_LNS_MAPF_LNS_SAT_mapf-map_room-32-32-4_map-_home_max_Documents_PhD_MAPF_LNS_MAPF_LNS_SAT_mapf-scen-even_scen-even_room-32-32-4-even-4_scen-agents20-idx5-seed42-1760992261049,0,48,18,12,51,109,9923,2440,0.001000,3.091000,7.112000,6.373000,0.411946,25.915000,1
_home_max_Documents_PhD_MAPF_LNS_MAPF_LNS_SAT_mapf-map_room-32-32-4_map-_home_max_Documents_PhD_MAPF_LNS_MAPF_LNS_SAT_mapf-scen-even_scen-even_room-32-32-4-even-5_scen-agents20-idx0-seed42-1760992261097,0,52,19,13,55,111,6071,1678,0.000000,1.799000,4.852000,4.225000,0.312814,23.109000,1
_home_max_Documents_PhD_MAPF_LNS_MAPF_LNS_SAT_mapf-map_room-32-32-4_map-_home_max_Documents_PhD_MAPF_LNS_MAPF_LNS_SAT_mapf-scen-even_scen-even_room-32-32-4-even-5_scen-agents20-idx1-seed42-1760992261149,0,51,23,17,65,148,6925,1939,0.000000,2.074000,4.705000,3.936000,0.379518,26.426000,1
_home_max_Documents_PhD_MAPF_LNS_MAPF_LNS_SAT_mapf-map_room-32-32-4_map-_home_max_Documents_PhD_MAPF_LNS_MAPF_LNS_SAT_mapf-scen-even_scen-even_room-32-32-4-even-5_scen-agents20-idx2-seed42-1760992261212,0,52,14,11,32,81,2882,906,0.000000,0.922000,2.528000,1.957000,0.243797,20.133000,1
_home_max_Documents_PhD_MAPF_LNS_MAPF_LNS_SAT_mapf-map_room-32-32-4_map-_home_max_Documents_PhD_MAPF_LNS_MAPF_LNS_SAT_mapf-scen-even_scen-even_room-32-32-4-even-5_scen-agents20-idx3-seed42-1760992261263,0,47,12,11,31,95,6016,1675,0.000000,1.733000,4.840000,3.957000,0.651932,20.793000,1
_home_max_Documents_PhD_MAPF_LNS_MAPF_LNS_SAT_mapf-map_room-32-32-4_map-_home_max_Documents_PhD_MAPF_LNS_MAPF_LNS_SAT_mapf-scen-even_scen-even_room-32-32-4-even-5_scen-agents20-idx4-seed42-1760992261312,0,53,32,10,92,235,8797834,238124,0.033000,6222.167000,10030.944000,9971.821000,116.180030,16820.083000,1
_home_max_Documents_PhD_MAPF_LNS_MAPF_LNS_SAT_mapf-map_room-32-32-4_map-_home_max_Documents_PhD_MAPF_LNS_MAPF_LNS_SAT_mapf-scen-even_scen-even_room-32-32-4-even-5_scen-agents20-idx5-seed42-1760992278161,0,50,12,9,39,95,4770,1354,0.000000,1.955000,4.570000,3.704000,0.496641,23.897000,1
_home_max_Documents_PhD_MAPF_LNS_MAPF_LNS_SAT_mapf-map_room-32-32-4_map-_home_max_Documents_PhD_MAPF_LNS_MAPF_LNS_SAT_mapf-scen-even_scen-even_room-32-32-4-even-6_scen-agents20-idx0-seed42-1760992278212,0,52,14,11,45,115,10573,2588,0.000000,3.180000,6.781000,5.955000,0.445426,26.348000,1
_home_max_Documents_PhD_MAPF_LNS_MAPF_LNS_SAT_mapf-map_room-32-32-4_map-_home_max_Documents_PhD_MAPF_LNS_MAPF_LNS_SAT_mapf-scen-even_scen-even_room-32-32-4-even-6_scen-agents20-idx1-seed42-1760992278262,0,50,9,7,24,52,5553,1292,0.000000,1.724000,3.211000,2.870000,0.248006,17.741000,1
_home_max_Documents_PhD_MAPF_LNS_MAPF_LNS_SAT_mapf-map_room-32-32-4_map-_home_max_Documents_PhD_MAPF_LNS_MAPF_LNS_SAT_mapf-scen-even_scen-even_room-32-32-4-even-6_scen-agents20-idx2-seed42-1760992278313,0,48,23,19,50,105,3354,1083,0.000000,1.044000,2.685000,2.139000,0.187378,18.238000,1
_home_max_Documents_PhD_MAPF_LNS_MAPF_LNS_SAT_mapf-map_room-32-32-4_map-_home_max_Documents_PhD_MAPF_LNS_MAPF_LNS_SAT_mapf-scen-even_scen-even_room-32-32-4-even-6_scen-agents20-idx3-seed42-1760992278363,0,49,20,10,53,117,4999,1919,0.000000,2.006000,5.554000,4.637000,0.263089,27.717000,1
_home_max_Documents_PhD_MAPF_LNS_MAPF_LNS_SAT_mapf-map_room-32-32-4_map-_home_max_Documents_PhD_MAPF_LNS_MAPF_LNS_SAT_mapf-scen-even_scen-even_room-32-32-4-even-6_scen-agents20-idx4-seed42-1760992278413,0,52,12,10,26,51,986,397,0.000000,0.354000,1.097000,0.838000,0.073175,15.922000,1
_home_max_Documents_PhD_MAPF_LNS_MAPF_LNS_SAT_mapf-map_room-32-32-4_map-_home_max_Documents_PhD_MAPF_LNS_MAPF_LNS_SAT_mapf-scen-even_scen-even_room-32-32-4-even-6_scen-agents20-idx5-seed42-1760992278467,0,52,22,17,53,100,3956,1221,0.000000,1.195000,3.224000,2.725000,0.228265,19.685000,1
_home_max_Documents_PhD_MAPF_LNS_MAPF_LNS_SAT_mapf-map_room-32-32-4_map-_home_max_Documents_PhD_MAPF_LNS_MAPF_LNS_SAT_mapf-scen-even_scen-even_room-32-32-4-even-7_scen-agents20-idx0-seed42-1760992278514,0,39,6,4,20,52,12980,2205,0.000000,3.728000,8.492000,7.828000,0.784215,30.099000,1
_home_max_Documents_PhD_MAPF_LNS_MAPF_LNS_SAT_mapf-map_room-32-32-4_map-_home_max_Documents_PhD_MAPF_LNS_MAPF_LNS_SAT_mapf-scen-even_scen-even_room-32-32-4-even-7_scen-agents20-idx1-seed42-1760992278564,0,49,31,8,87,215,43401293,676537,0.079000,116612.692000,64766.296000,63600.455000,551.105823,184547.246000,1
_home_max_Documents_PhD_MAPF_LNS_MAPF_LNS_SAT_mapf-map_room-32-32-4_map-_home_max_Documents_PhD_MAPF_LNS_MAPF_LNS_SAT_mapf-scen-even_scen-even_room-32-32-4-even-7_scen-agents20-idx2-seed42-1760992463174,0,50,25,6,33,68,11135473,187739,0.009000,30447.626000,15341.629000,14722.709000,105.037817,46355.243000,1
_home_max_Documents_PhD_MAPF_LNS_MAPF_LNS_SAT_mapf-map_room-32-32-4_map-_home_max_Documents_PhD_MAPF_LNS_MAPF_LNS_SAT_mapf-scen-even_scen-even_room-32-32-4-even-7_scen-agents20-idx3-seed42-1760992509606,0,51,15,12,45,94,2298,826,0.000000,0.746000,2.044000,1.562000,0.137202,16.005000,1
_home_max_Documents_PhD_MAPF_LNS_MAPF_LNS_SAT_mapf-map_room-32-32-4_map-_home_max_Documents_PhD_MAPF_LNS_MAPF_LNS_SAT_mapf-scen-even_scen-even_room-32-32-4-even-7_scen-agents20-idx4-seed42-1760992509657,0,45,15,11,39,86,7874,1732,0.000000,2.675000,6.110000,5.415000,0.429475,27.554000,1
_home_max_Documents_PhD_MAPF_LNS_MAPF_LNS_SAT_mapf-map_room-64-64-8_map-_home_max_Documents_PhD_MAPF_LNS_MAPF_LNS_SAT_mapf-scen-even_scen-even_room-64-64-8-even-1_scen-agents10-idx0-seed42-1760993933920,0,111,0,0,0,0,0,0,0.000000,0.000000,0.000000,0.000000,0.000000,17.058000,1
_home_max_Documents_PhD_MAPF_LNS_MAPF_LNS_SAT_mapf-map_room-64-64-8_map-_home_max_Documents_PhD_MAPF_LNS_MAPF_LNS_SAT_mapf-scen-even_scen-even_room-64-64-8-even-1_scen-agents10-idx1-seed42-1760993933971,0,140,16,15,48,133,11558,2788,0.000000,3.429000,8.206000,6.960000,1.609739,45.331000,1
_home_max_Documents_PhD_MAPF_LNS_MAPF_LNS_SAT_mapf-map_room-64-64-8_map-_home_max_Documents_PhD_MAPF_LNS_MAPF_LNS_SAT_mapf-scen-even_scen-even_room-64-64-8-even-1_scen-agents10-idx2-seed42-1760993934072,0,139,4,2,15,38,4301,885,0.000000,1.307000,2.407000,2.143000,0.232446,25.208000,1
_home_max_Documents_PhD_MAPF_LNS_MAPF_LNS_SAT_mapf-map_room-64-64-8_map-_home_max_Documents_PhD_MAPF_LNS_MAPF_LNS_SAT_mapf-scen-even_scen-even_room-64-64-8-even-1_scen-agents10-idx3-seed42-1760993934175,0,137,1,1,1,2,20,9,0.000000,0.013000,0.068000,0.052000,0.009880,17.645000,1
_home_max_Documents_PhD_MAPF_LNS_MAPF_LNS_SAT_mapf-map_room-64-64-8_map-_home_max_Documents_PhD_MAPF_LNS_MAPF_LNS_SAT_mapf-scen-even_scen-even_room-64-64-8-even-1_scen-agents10-idx4-seed42-1760993934275,0,137,5,5,13,27,526,194,0.000000,0.192000,0.545000,0.412000,0.044383,22.007000,1
_home_max_Documents_PhD_MAPF_LNS_MAPF_LNS_SAT_mapf-map_room-64-64-8_map-_home_max_Documents_PhD_MAPF_LNS_MAPF_LNS_SAT_mapf-scen-even_scen-even_room-64-64-8-even-1_scen-agents10-idx5-seed42-1760993934377,0,114,4,4,12,26,644,215,0.000000,0.213000,0.599000,0.466000,0.042882,21.013000,1
_home_max_Documents_PhD_MAPF_LNS_MAPF_LNS_SAT_mapf-map_room-64-64-8_map-_home_max_Documents_PhD_MAPF_LNS_MAPF_LNS_SAT_mapf-scen-even_scen-even_room-64-64-8-even-1_scen-agents10-idx6-seed42-1760993934475,0,128,4,3,10,19,332,139,0.000000,0.130000,0.371000,0.277000,0.025631,20.667000,1
_home_max_Documents_PhD_MAPF_LNS_MAPF_LNS_SAT_mapf-map_room-64-64-8_map-_home_max_Documents_PhD_MAPF_LNS_MAPF_LNS_SAT_mapf-scen-even_scen-even_room-64-64-8-even-1_scen-agents10-idx7-seed42-1760993934578,0,129,10,5,39,79,6531,1517,0.000000,1.957000,3.724000,3.303000,0.250722,31.348000,1
_home_max_Documents_PhD_MAPF_LNS_MAPF_LNS_SAT_mapf-map_room-64-64-8_map-_home_max_Documents_PhD_MAPF_LNS_MAPF_LNS_SAT_mapf-scen-even_scen-even_room-64-64-8-even-1_scen-agents10-idx8-seed42-1760993934677,0,107,9,4,30,58,9298,1777,0.000000,2.897000,4.688000,4.330000,0.314637,32.372000,1
_home_max_Documents_PhD_MAPF_LNS_MAPF_LNS_SAT_mapf-map_room-64-64-8_map-_home_max_Documents_PhD_MAPF_LNS_MAPF_LNS_SAT_mapf-scen-even_scen-even_room-64-64-8-even-1_scen-agents10-idx9-seed42-1760993934781,0,130,4,4,9,22,412,135,0.000000,0.123000,0.460000,0.349000,0.044487,20.118000,1
_home_max_Documents_PhD_MAPF_LNS_MAPF_LNS_SAT_mapf-map_room-64-64-8_map-_home_max_Documents_PhD_MAPF_LNS_MAPF_LNS_SAT_mapf-scen-even_scen-even_room-64-64-8-even-1_scen-agents10-idx10-seed42-1760993934882,0,116,0,0,0,0,0,0,0.000000,0.000000,0.000000,0.000000,0.000000,16.387000,1
_home_max_Documents_PhD_MAPF_LNS_MAPF_LNS_SAT_mapf-map_room-64-64-8_map-_home_max_Documents_PhD_MAPF_LNS_MAPF_LNS_SAT_mapf-scen-even_scen-even_room-64-64-8-even-1_scen-agents10-idx11-seed42-1760993934980,0,122,5,3,11,19,317,141,0.001000,0.130000,0.388000,0.295000,0.034965,20.850000,1
_home_max_Documents_PhD_MAPF_LNS_MAPF_LNS_SAT_mapf-map_room-64-64-8_map-_home_max_Documents_PhD_MAPF_LNS_MAPF_LNS_SAT_mapf-scen-even_scen-even_room-64-64-8-even-1_scen-agents10-idx12-seed42-1760993935081,0,136,4,4,12,31,841,252,0.000000,0.286000,0.761000,0.591000,0.075925,22.048000,1
_home_max_Documents_PhD_MAPF_LNS_MAPF_LNS_SAT_mapf-map_room-64-64-8_map-_home_max_Documents_PhD_MAPF_LNS_MAPF_LNS_SAT_mapf-scen-even_scen-even_room-64-64-8-even-1_scen-agents10-idx13-seed42-1760993935182,0,138,1,1,3,6,120,44,0.000000,0.040000,0.150000,0.115000,0.014607,18.901000,1
_home_max_Documents_PhD_MAPF_LNS_MAPF_LNS_SAT_mapf-map_room-64-64-8_map-_home_max_Documents_PhD_MAPF_LNS_MAPF_LNS_SAT_mapf-scen-even_scen-even_room-64-64-8-even-1_scen-agents10-idx14-seed42-1760993935286,0,129,4,4,12,26,691,232,0.000000,0.237000,0.623000,0.493000,0.051563,24.201000,1
_home_max_Documents_PhD_MAPF_LNS_MAPF_LNS_SAT_mapf-map_room-64-64-8_map-_home_max_Documents_PhD_MAPF_LNS_MAPF_LNS_SAT_mapf-scen-even_scen-even_room-64-64-8-even-1_scen-agents10-idx15-seed42-1760993935384,0,133,12,6,49,107,18040,3302,0.000000,5.573000,9.041000,8.275000,0.725028,45.456000,1
_home_max_Documents_PhD_MAPF_LNS_MAPF_LNS_SAT_mapf-map_room-64-64-8_map-_home_max_Documents_PhD_MAPF_LNS_MAPF_LNS_SAT_mapf-scen-even_scen-even_room-64-64-8-even-1_scen-agents10-idx16-seed42-1760993935482,0,137,7,4,19,35,732,301,0.000000,0.301000,0.679000,0.526000,0.045003,22.565000,1
_home_max_Documents_PhD_MAPF_LNS_MAPF_LNS_SAT_mapf-map_room-64-64-8_map-_home_max_Documents_PhD_MAPF_LNS_MAPF_LNS_SAT_mapf-scen-even_scen-even_room-64-64-8-even-1_scen-agents10-idx17-seed42-1760993935586,0,103,6,4,17,35,665,263,0.000000,0.237000,0.672000,0.510000,0.062315,21.071000,1
_home_max_Documents_PhD_MAPF_LNS_MAPF_LNS_SAT_mapf-map_room-64-64-8_map-_home_max_Documents_PhD_MAPF_LNS_MAPF_LNS_SAT_mapf-scen-even_scen-even_room-64-64-8-even-1_scen-agents10-idx18-seed42-1760993935687,0,123,2,2,2,2,31,16,0.000000,0.017000,0.078000,0.062000,0.008790,19.315000,1
_home_max_Documents_PhD_MAPF_LNS_MAPF_LNS_SAT_mapf-map_room-64-64-8_map-_home_max_Documents_PhD_MAPF_LNS_MAPF_LNS_SAT_mapf-scen-even_scen-even_room-64-64-8-even-1_scen-agents10-idx19-seed42-1760993935788,0,131,7,5,20,36,1418,490,0.000000,0.678000,1.533000,1.279000,0.097690,26.807000,1
_home_max_Documents_PhD_MAPF_LNS_MAPF_LNS_SAT_mapf-map_room-64-64-8_map-_home_max_Documents_PhD_MAPF_LNS_MAPF_LNS_SAT_mapf-scen-even_scen-even_room-64-64-8-even-1_scen-agents10-idx20-seed42-1760993935889,0,126,0,0,0,0,0,0,0.000000,0.000000,0.000000,0.000000,0.000000,17.982000,1
_home_max_Documents_PhD_MAPF_LNS_MAPF_LNS_SAT_mapf-map_room-64-64-8_map-_home_max_Documents_PhD_MAPF_LNS_MAPF_LNS_SAT_mapf-scen-even_scen-even_room-64-64-8-even-1_scen-agents10-idx21-seed42-1760993935990,0,140,5,4,12,23,476,182,0.000000,0.186000,0.471000,0.368000,0.042164,22.212000,1
_home_max_Documents_PhD_MAPF_LNS_MAPF_LNS_SAT_mapf-map_room-64-64-8_map-_home_max_Documents_PhD_MAPF_LNS_MAPF_LNS_SAT_mapf-scen-even_scen-even_room-64-64-8-even-1_scen-agents10-idx22-seed42-1760993936091,0,127,5,5,13,29,663,236,0.000000,0.243000,0.650000,0.487000,0.057306,22.361000,1
_home_max_Documents_PhD_MAPF_LNS_MAPF_LNS_SAT_mapf-map_room-64-64-8_map-_home_max_Documents_PhD_MAPF_LNS_MAPF_LNS_SAT_mapf-scen-even_scen-even_room-64-64-8-even-1_scen-agents10-idx23-seed42-1760993936189,0,115,0,0,0,0,0,0,0.000000,0.000000,0.000000,0.000000,0.000000,17.221000,1
_home_max_Documents_PhD_MAPF_LNS_MAPF_LNS_SAT_mapf-map_room-64-64-8_map-_home_max_Documents_PhD_MAPF_LNS_MAPF_LNS_SAT_mapf-scen-even_scen-even_room-64-64-8-even-1_scen-agents10-idx24-seed42-1760993936292,0,134,6,5,11,21,369,148,0.000000,0.132000,0.413000,0.311000,0.029688,21.530000,1
_home_max_Documents_PhD_MAPF_LNS_MAPF_LNS_SAT_mapf-map_room-64-64-8_map-_home_max_Documents_PhD_MAPF_LNS_MAPF_LNS_SAT_mapf-scen-even_scen-even_room-64-64-8-even-1_scen-agents10-idx25-seed42-1760993936394,0,128,1,1,3,7,93,38,0.000000,0.035000,0.144000,0.107000,0.015818,17.619000,1
_home_max_Documents_PhD_MAPF_LNS_MAPF_LNS_SAT_mapf-map_room-64-64-8_map-_home_max_Documents_PhD_MAPF_LNS_MAPF_LNS_SAT_mapf-scen-even_scen-even_room-64-64-8-even-1_scen-agents10-idx26-seed42-1760993936495,0,98,1,1,3,7,118,42,0.000000,0.039000,0.166000,0.125000,0.016633,17.842000,1
_home_max_Documents_PhD_MAPF_LNS_MAPF_LNS_SAT_mapf-map_room-64-64-8_map-_home_max_Documents_PhD_MAPF_LNS_MAPF_LNS_SAT_mapf-scen-even_scen-even_room-64-64-8-even-1_scen-agents10-idx27-seed42-1760993936596,0,137,7,3,26,56,16354,2059,0.000000,5.657000,7.679000,7.228000,0.474815,40.899000,1
_home_max_Documents_PhD_MAPF_LNS_MAPF_LNS_SAT_mapf-map_room-64-64-8_map-_home_max_Documents_PhD_MAPF_LNS_MAPF_LNS_SAT_mapf-scen-even_scen-even_room-64-64-8-even-1_scen-agents10-idx28-seed42-1760993936693,0,135,11,7,29,61,4934,1217,0.000000,1.547000,2.913000,2.569000,0.224874,32.045000,1
_home_max_Documents_PhD_MAPF_LNS_MAPF_LNS_SAT_mapf-map_room-64-64-8_map-_home_max_Documents_PhD_MAPF_LNS_MAPF_LNS_SAT_mapf-scen-even_scen-even_room-64-64-8-even-1_scen-agents10-idx29-seed42-1760993936798,0,132,14,11,40,85,3731,1045,0.000000,1.206000,2.567000,2.138000,0.195794,31.928000,1
_home_max_Documents_PhD_MAPF_LNS_MAPF_LNS_SAT_mapf-map_room-64-64-8_map-_home_max_Documents_PhD_MAPF_LNS_MAPF_LNS_SAT_mapf-scen-even_scen-even_room-64-64-8-even-1_scen-agents10-idx30-seed42-1760993936897,0,122,6,5,12,21,381,157,0.000000,0.143000,0.415000,0.316000,0.028460,22.228000,1
_home_max_Documents_PhD_MAPF_LNS_MAPF_LNS_SAT_mapf-map_room-64-64-8_map-_home_max_Documents_PhD_MAPF_LNS_MAPF_LNS_SAT_mapf-scen-even_scen-even_room-64-64-8-even-1_scen-agents20-idx0-seed42-1760994533095,0,140,24,12,92,364,75245,15301,0.000000,23.892000,74.198000,66.961000,21.791756,191.916000,1
_home_max_Documents_PhD_MAPF_LNS_MAPF_LNS_SAT_mapf-map_room-64-64-16_map-_home_max_Documents_PhD_MAPF_LNS_MAPF_LNS_SAT_mapf-scen-even_scen-even_room-64-64-16-even-1_scen-agents10-idx0-seed42-1760996929804,0,186,12,10,21,37,728,292,0.000000,0.272000,0.737000,0.567000,0.042833,32.741000,1
_home_max_Documents_PhD_MAPF_LNS_MAPF_LNS_SAT_mapf-map_room-64-64-16_map-_home_max_Documents_PhD_MAPF_LNS_MAPF_LNS_SAT_mapf-scen-even_scen-even_room-64-64-16-even-1_scen-agents10-idx1-seed42-1760996929909,0,189,4,4,7,13,162,81,0.000000,0.076000,0.245000,0.169000,0.020677,25.994000,1
_home_max_Documents_PhD_MAPF_LNS_MAPF_LNS_SAT_mapf-map_room-64-64-16_map-_home_max_Documents_PhD_MAPF_LNS_MAPF_LNS_SAT_mapf-scen-even_scen-even_room-64-64-16-even-1_scen-agents10-idx2-seed42-1760996930008,0,164,2,2,6,13,383,144,0.000000,0.149000,0.365000,0.279000,0.040497,26.022000,1
_home_max_Documents_PhD_MAPF_LNS_MAPF_LNS_SAT_mapf-map_room-64-64-16_map-_home_max_Documents_PhD_MAPF_LNS_MAPF_LNS_SAT_mapf-scen-even_scen-even_room-64-64-16-even-1_scen-agents10-idx3-seed42-1760996930110,0,181,2,1,8,18,845,287,0.000000,0.340000,0.622000,0.506000,0.038305,27.480000,1
_home_max_Documents_PhD_MAPF_LNS_MAPF_LNS_SAT_mapf-map_room-64-64-16_map-_home_max_Documents_PhD_MAPF_LNS_MAPF_LNS_SAT_mapf-scen-even_scen-even_room-64-64-16-even-1_scen-agents10-idx4-seed42-1760996930210,0,189,3,3,9,18,499,158,0.000000,0.161000,0.435000,0.349000,0.034382,26.609000,1
_home_max_Documents_PhD_MAPF_LNS_MAPF_LNS_SAT_mapf-map_room-64-64-16_map-_home_max_Documents_PhD_MAPF_LNS_MAPF_LNS_SAT_mapf-scen-even_scen-even_room-64-64-16-even-1_scen-agents10-idx5-seed42-1760996930311,0,168,2,2,6,14,240,87,0.000000,0.100000,0.276000,0.207000,0.025499,25.392000,1
_home_max_Documents_PhD_MAPF_LNS_MAPF_LNS_SAT_mapf-map_room-64-64-16_map-_home_max_Documents_PhD_MAPF_LNS_MAPF_LNS_SAT_mapf-scen-even_scen-even_room-64-64-16-even-1_scen-agents10-idx6-seed42-1760996930412,0,154,2,2,6,14,239,86,0.000000,0.087000,0.289000,0.217000,0.027721,25.279000,1
_home_max_Documents_PhD_MAPF_LNS_MAPF_LNS_SAT_mapf-map_room-64-64-16_map-_home_max_Documents_PhD_MAPF_LNS_MAPF_LNS_SAT_mapf-scen-even_scen-even_room-64-64-16-even-1_scen-agents10-idx7-seed42-1760996930511,0,168,3,2,11,21,527,196,0.000000,0.187000,0.490000,0.389000,0.037887,27.181000,1
_home_max_Documents_PhD_MAPF_LNS_MAPF_LNS_SAT_mapf-map_room-64-64-16_map-_home_max_Documents_PhD_MAPF_LNS_MAPF_LNS_SAT_mapf-scen-even_scen-even_room-64-64-16-even-1_scen-agents10-idx8-seed42-1760996930613,0,184,9,6,24,48,2568,662,0.000000,0.761000,1.677000,1.439000,0.123673,32.132000,1
_home_max_Documents_PhD_MAPF_LNS_MAPF_LNS_SAT_mapf-map_room-64-64-16_map-_home_max_Documents_PhD_MAPF_LNS_MAPF_LNS_SAT_mapf-scen-even_scen-even_room-64-64-16-even-1_scen-agents10-idx9-seed42-1760996930716,0,172,8,7,19,35,819,309,0.000000,0.338000,0.768000,0.598000,0.056901,30.245000,1
_home_max_Documents_PhD_MAPF_LNS_MAPF_LNS_SAT_mapf-map_room-64-64-16_map-_home_max_Documents_PhD_MAPF_LNS_MAPF_LNS_SAT_mapf-scen-even_scen-even_room-64-64-16-even-1_scen-agents10-idx10-seed42-1760996930813,0,162,4,3,7,11,243,98,0.000000,0.156000,0.439000,0.348000,0.031969,28.758000,1
_home_max_Documents_PhD_MAPF_LNS_MAPF_LNS_SAT_mapf-map_room-64-64-16_map-_home_max_Documents_PhD_MAPF_LNS_MAPF_LNS_SAT_mapf-scen-even_scen-even_room-64-64-16-even-1_scen-agents10-idx11-seed42-1760996930913,0,182,6,4,21,44,2436,616,0.000000,0.816000,1.697000,1.464000,0.117143,33.045000,1
_home_max_Documents_PhD_MAPF_LNS_MAPF_LNS_SAT_mapf-map_room-64-64-16_map-_home_max_Documents_PhD_MAPF_LNS_MAPF_LNS_SAT_mapf-scen-even_scen-even_room-64-64-16-even-1_scen-agents10-idx12-seed42-1760996931013,0,171,4,3,9,17,867,353,0.000000,0.444000,0.770000,0.588000,0.055525,29.966000,1
_home_max_Documents_PhD_MAPF_LNS_MAPF_LNS_SAT_mapf-map_room-64-64-16_map-_home_max_Documents_PhD_MAPF_LNS_MAPF_LNS_SAT_mapf-scen-even_scen-even_room-64-64-16-even-1_scen-agents10-idx13-seed42-1760996931114,0,172,4,2,14,27,2455,552,0.000000,0.766000,1.392000,1.240000,0.090044,29.068000,1
_home_max_Documents_PhD_MAPF_LNS_MAPF_LNS_SAT_mapf-map_room-64-64-16_map-_home_max_Documents_PhD_MAPF_LNS_MAPF_LNS_SAT_mapf-scen-even_scen-even_room-64-64-16-even-1_scen-agents10-idx14-seed42-1760996931218,0,181,2,2,4,10,147,54,0.000000,0.067000,0.209000,0.155000,0.020510,25.231000,1
_home_max_Documents_PhD_MAPF_LNS_MAPF_LNS_SAT_mapf-map_room-64-64-16_map-_home_max_Documents_PhD_MAPF_LNS_MAPF_LNS_SAT_mapf-scen-even_scen-even_room-64-64-16-even-1_scen-agents10-idx15-seed42-1760996931320,0,177,1,1,3,6,120,44,0.000000,0.053000,0.156000,0.122000,0.013714,24.432000,1
_home_max_Documents_PhD_MAPF_LNS_MAPF_LNS_SAT_mapf-map_room-64-64-16_map-_home_max_Documents_PhD_MAPF_LNS_MAPF_LNS_SAT_mapf-scen-even_scen-even_room-64-64-16-even-1_scen-agents10-idx16-seed42-1760996931421,0,185,11,7,34,66,3054,845,0.000000,0.989000,2.053000,1.740000,0.134011,35.691000,1
_home_max_Documents_PhD_MAPF_LNS_MAPF_LNS_SAT_mapf-map_room-64-64-16_map-_home_max_Documents_PhD_MAPF_LNS_MAPF_LNS_SAT_mapf-scen-even_scen-even_room-64-64-16-even-1_scen-agents10-idx17-seed42-1760996931518,0,187,12,7,28,61,8838,1863,0.000000,2.874000,4.656000,4.146000,0.334887,43.547000,1
_home_max_Documents_PhD_MAPF_LNS_MAPF_LNS_SAT_mapf-map_room-64-64-16_map-_home_max_Documents_PhD_MAPF_LNS_MAPF_LNS_SAT_mapf-scen-even_scen-even_room-64-64-16-even-1_scen-agents10-idx18-seed42-1760996931618,0,169,2,2,4,8,142,52,0.000000,0.061000,0.183000,0.140000,0.018494,25.323000,1
_home_max_Documents_PhD_MAPF_LNS_MAPF_LNS_SAT_mapf-map_room-64-64-16_map-_home_max_Documents_PhD_MAPF_LNS_MAPF_LNS_SAT_mapf-scen-even_scen-even_room-64-64-16-even-1_scen-agents10-idx19-seed42-1760996931723,0,166,6,4,17,31,1198,369,0.000000,0.466000,0.896000,0.744000,0.063601,29.754000,1
_home_max_Documents_PhD_MAPF_LNS_MAPF_LNS_SAT_mapf-map_room-64-64-16_map-_home_max_Documents_PhD_MAPF_LNS_MAPF_LNS_SAT_mapf-scen-even_scen-even_room-64-64-16-even-1_scen-agents10-idx20-seed42-1760996931822,0,136,4,4,7,11,254,103,0.000000,0.099000,0.271000,0.207000,0.022294,24.132000,1
_home_max_Documents_PhD_MAPF_LNS_MAPF_LNS_SAT_mapf-map_room-64-64-16_map-_home_max_Documents_PhD_MAPF_LNS_MAPF_LNS_SAT_mapf-scen-even_scen-even_room-64-64-16-even-1_scen-agents10-idx21-seed42-1760996931922,0,171,2,2,5,8,2337,819,0.000000,0.905000,1.177000,1.048000,0.060615,28.390000,1
_home_max_Documents_PhD_MAPF_LNS_MAPF_LNS_SAT_mapf-map_room-64-64-16_map-_home_max_Documents_PhD_MAPF_LNS_MAPF_LNS_SAT_mapf-scen-even_scen-even_room-64-64-16-even-1_scen-agents10-idx22-seed42-1760996932020,0,152,2,2,2,8,44,18,0.000000,0.023000,0.128000,0.085000,0.011464,24.597000,1
_home_max_Documents_PhD_MAPF_LNS_MAPF_LNS_SAT_mapf-map_room-64-64-16_map-_home_max_Documents_PhD_MAPF_LNS_MAPF_LNS_SAT_mapf-scen-even_scen-even_room-64-64-16-even-1_scen-agents10-idx23-seed42-1760996932124,0,167,5,4,15,30,611,229,0.000000,0.230000,0.728000,0.567000,0.055784,28.651000,1
_home_max_Documents_PhD_MAPF_LNS_MAPF_LNS_SAT_mapf-map_room-64-64-16_map-_home_max_Documents_PhD_MAPF_LNS_MAPF_LNS_SAT_mapf-scen-even_scen-even_room-64-64-16-even-1_scen-agents10-idx24-seed42-1760996932225,0,176,4,2,14,30,1467,455,0.000000,0.562000,1.056000,0.879000,0.104691,27.421000,1
_home_max_Documents_PhD_MAPF_LNS_MAPF_LNS_SAT_mapf-map_room-64-64-16_map-_home_max_Documents_PhD_MAPF_LNS_MAPF_LNS_SAT_mapf-scen-even_scen-even_room-64-64-16-even-1_scen-agents10-idx25-seed42-1760996932325,0,183,6,5,16,32,842,313,0.000000,0.342000,0.773000,0.592000,0.058828,29.840000,1
_home_max_Documents_PhD_MAPF_LNS_MAPF_LNS_SAT_mapf-map_room-64-64-16_map-_home_max_Documents_PhD_MAPF_LNS_MAPF_LNS_SAT_mapf-scen-even_scen-even_room-64-64-16-even-1_scen-agents10-idx26-seed42-1760996932426,0,141,3,2,7,12,229,106,0.000000,0.120000,0.256000,0.193000,0.018379,25.695000,1
_home_max_Documents_PhD_MAPF_LNS_MAPF_LNS_SAT_mapf-map_room-64-64-16_map-_home_max_Documents_PhD_MAPF_LNS_MAPF_LNS_SAT_mapf-scen-even_scen-even_room-64-64-16-even-1_scen-agents10-idx27-seed42-1760996932524,0,188,10,6,33,68,6469,1353,0.000000,1.999000,3.587000,3.211000,0.311314,38.862000,1
_home_max_Documents_PhD_MAPF_LNS_MAPF_LNS_SAT_mapf-map_room-64-64-16_map-_home_max_Documents_PhD_MAPF_LNS_MAPF_LNS_SAT_mapf-scen-even_scen-even_room-64-64-16-even-1_scen-agents10-idx28-seed42-1760996932623,0,180,8,6,21,41,1063,412,0.000000,0.498000,0.935000,0.726000,0.059852,32.172000,1
_home_max_Documents_PhD_MAPF_LNS_MAPF_LNS_SAT_mapf-map_room-64-64-16_map-_home_max_Documents_PhD_MAPF_LNS_MAPF_LNS_SAT_mapf-scen-even_scen-even_room-64-64-16-even-1_scen-agents10-idx29-seed42-1760996932729,0,170,4,3,7,13,217,93,0.000000,0.088000,0.265000,0.197000,0.018447,25.586000,1
_home_max_Documents_PhD_MAPF_LNS_MAPF_LNS_SAT_mapf-map_room-64-64-16_map-_home_max_Documents_PhD_MAPF_LNS_MAPF_LNS_SAT_mapf-scen-even_scen-even_room-64-64-16-even-1_scen-agents10-idx30-seed42-1760996932828,0,184,3,3,7,16,236,90,0.000000,0.098000,0.323000,0.235000,0.028172,26.346000,1
_home_max_Documents_PhD_MAPF_LNS_MAPF_LNS_SAT_mapf-map_room-64-64-16_map-_home_max_Documents_PhD_MAPF_LNS_MAPF_LNS_SAT_mapf-scen-even_scen-even_room-64-64-16-even-1_scen-agents10-idx31-seed42-1760996932927,0,185,0,0,0,0,0,0,0.000000,0.000000,0.000000,0.000000,0.000000,22.497000,1
_home_max_Documents_PhD_MAPF_LNS_MAPF_LNS_SAT_mapf-map_room-64-64-16_map-_home_max_Documents_PhD_MAPF_LNS_MAPF_LNS_SAT_mapf-scen-even_scen-even_room-64-64-16-even-1_scen-agents10-idx32-seed42-1760996933026,0,172,4,4,13,27,895,285,0.000000,0.314000,0.744000,0.593000,0.057779,28.803000,1
_home_max_Documents_PhD_MAPF_LNS_MAPF_LNS_SAT_mapf-map_room-64-64-16_map-_home_max_Documents_PhD_MAPF_LNS_MAPF_LNS_SAT_mapf-scen-even_scen-even_room-64-64-16-even-1_scen-agents10-idx33-seed42-1760996933128,0,178,3,3,12,26,986,310,0.000000,0.362000,0.777000,0.626000,0.065762,27.329000,1
_home_max_Documents_PhD_MAPF_LNS_MAPF_LNS_SAT_mapf-map_room-64-64-16_map-_home_max_Documents_PhD_MAPF_LNS_MAPF_LNS_SAT_mapf-scen-even_scen-even_room-64-64-16-even-1_scen-agents10-idx34-seed42-1760996933232,0,175,6,4,15,26,748,293,0.000000,0.295000,0.619000,0.497000,0.037560,28.906000,1
_home_max_Documents_PhD_MAPF_LNS_MAPF_LNS_SAT_mapf-map_room-64-64-16_map-_home_max_Documents_PhD_MAPF_LNS_MAPF_LNS_SAT_mapf-scen-even_scen-even_room-64-64-16-even-1_scen-agents10-idx35-seed42-1760996933329,0,177,8,5,18,29,1095,391,0.000000,0.462000,0.804000,0.670000,0.037771,28.825000,1
_home_max_Documents_PhD_MAPF_LNS_MAPF_LNS_SAT_mapf-map_room-64-64-16_map-_home_max_Documents_PhD_MAPF_LNS_MAPF_LNS_SAT_mapf-scen-even_scen-even_room-64-64-16-even-1_scen-agents10-idx36-seed42-1760996933432,0,146,9,9,12,19,280,120,0.000000,0.115000,0.371000,0.274000,0.024718,29.288000,1
_home_max_Documents_PhD_MAPF_LNS_MAPF_LNS_SAT_mapf-map_room-64-64-16_map-_home_max_Documents_PhD_MAPF_LNS_MAPF_LNS_SAT_mapf-scen-even_scen-even_room-64-64-16-even-1_scen-agents10-idx37-seed42-1760996933530,0,155,4,2,12,22,601,235,0.000000,0.266000,0.529000,0.420000,0.038024,26.444000,1
_home_max_Documents_PhD_MAPF_LNS_MAPF_LNS_SAT_mapf-map_room-64-64-16_map-_home_max_Documents_PhD_MAPF_LNS_MAPF_LNS_SAT_mapf-scen-even_scen-even_room-64-64-16-even-1_scen-agents10-idx38-seed42-1760996933631,0,134,1,1,1,1,24,10,0.000000,0.011000,0.052000,0.045000,0.007985,21.586000,1
_home_max_Documents_PhD_MAPF_LNS_MAPF_LNS_SAT_mapf-map_room-64-64-16_map-_home_max_Documents_PhD_MAPF_LNS_MAPF_LNS_SAT_mapf-scen-even_scen-even_room-64-64-16-even-1_scen-agents10-idx39-seed42-1760996933733,0,179,4,3,9,17,332,137,0.000000,0.142000,0.360000,0.271000,0.030333,26.848000,1
_home_max_Documents_PhD_MAPF_LNS_MAPF_LNS_SAT_mapf-map_room-64-64-16_map-_home_max_Documents_PhD_MAPF_LNS_MAPF_LNS_SAT_mapf-scen-even_scen-even_room-64-64-16-even-2_scen-agents10-idx0-seed42-1760996933835,0,181,9,9,19,39,849,292,0.000000,0.344000,0.841000,0.635000,0.067729,33.820000,1
_home_max_Documents_PhD_MAPF_LNS_MAPF_LNS_SAT_mapf-map_room-64-64-16_map-_home_max_Documents_PhD_MAPF_LNS_MAPF_LNS_SAT_mapf-scen-even_scen-even_room-64-64-16-even-2_scen-agents10-idx1-seed42-1760996933932,0,186,6,5,13,26,392,166,0.000000,0.171000,0.471000,0.347000,0.034159,27.899000,1
_home_max_Documents_PhD_MAPF_LNS_MAPF_LNS_SAT_mapf-map_room-64-64-16_map-_home_max_Documents_PhD_MAPF_LNS_MAPF_LNS_SAT_mapf-scen-even_scen-even_room-64-64-16-even-2_scen-agents10-idx2-seed42-1760996934037,0,168,0,0,0,0,0,0,0.000000,0.000000,0.000000,0.000000,0.000000,22.837000,1
_home_max_Documents_PhD_MAPF_LNS_MAPF_LNS_SAT_mapf-map_room-64-64-16_map-_home_max_Documents_PhD_MAPF_LNS_MAPF_LNS_SAT_mapf-scen-even_scen-even_room-64-64-16-even-2_scen-agents10-idx3-seed42-1760996934136,0,173,2,1,7,13,333,126,0.000000,0.116000,0.315000,0.249000,0.027698,24.499000,1
_home_max_Documents_PhD_MAPF_LNS_MAPF_LNS_SAT_mapf-map_room-64-64-16_map-_home_max_Documents_PhD_MAPF_LNS_MAPF_LNS_SAT_mapf-scen-even_scen-even_room-64-64-16-even-2_scen-agents10-idx4-seed42-1760996934238,0,172,3,3,3,6,75,30,0.000000,0.037000,0.137000,0.098000,0.012298,24.675000,1
_home_max_Documents_PhD_MAPF_LNS_MAPF_LNS_SAT_mapf-map_room-64-64-16_map-_home_max_Documents_PhD_MAPF_LNS_MAPF_LNS_SAT_mapf-scen-even_scen-even_room-64-64-16-even-2_scen-agents10-idx5-seed42-1760996934339,0,173,3,2,10,20,478,174,0.000000,0.177000,0.455000,0.355000,0.038767,26.281000,1
_home_max_Documents_PhD_MAPF_LNS_MAPF_LNS_SAT_mapf-map_room-64-64-16_map-_home_max_Documents_PhD_MAPF_LNS_MAPF_LNS_SAT_mapf-scen-even_scen-even_room-64-64-16-even-2_scen-agents10-idx6-seed42-1760996934439,0,179,7,7,19,41,1142,369,0.000000,0.416000,0.989000,0.774000,0.075693,31.986000,1
_home_max_Documents_PhD_MAPF_LNS_MAPF_LNS_SAT_mapf-map_room-64-64-16_map-_home_max_Documents_PhD_MAPF_LNS_MAPF_LNS_SAT_mapf-scen-even_scen-even_room-64-64-16-even-2_scen-agents10-idx7-seed42-1760996934541,0,130,3,3,5,7,114,55,0.000000,0.047000,0.161000,0.117000,0.013970,23.283000,1
_home_max_Documents_PhD_MAPF_LNS_MAPF_LNS_SAT_mapf-map_room-64-64-16_map-_home_max_Documents_PhD_MAPF_LNS_MAPF_LNS_SAT_mapf-scen-even_scen-even_room-64-64-16-even-2_scen-agents10-idx8-seed42-1760996934637,0,177,4,4,7,11,174,75,0.000000,0.077000,0.222000,0.167000,0.018027,25.975000,1
_home_max_Documents_PhD_MAPF_LNS_MAPF_LNS_SAT_mapf-map_room-64-64-16_map-_home_max_Documents_PhD_MAPF_LNS_MAPF_LNS_SAT_mapf-scen-even_scen-even_room-64-64-16-even-2_scen-agents10-idx9-seed42-1760996934741,0,161,4,4,6,9,299,143,0.000000,0.154000,0.277000,0.216000,0.022767,26.121000,1
_home_max_Documents_PhD_MAPF_LNS_MAPF_LNS_SAT_mapf-map_room-64-64-16_map-_home_max_Documents_PhD_MAPF_LNS_MAPF_LNS_SAT_mapf-scen-even_scen-even_room-64-64-16-even-2_scen-agents10-idx10-seed42-1760996934842,0,184,4,3,10,20,407,154,0.000000,0.175000,0.419000,0.323000,0.031068,26.606000,1
_home_max_Documents_PhD_MAPF_LNS_MAPF_LNS_SAT_mapf-map_room-64-64-16_map-_home_max_Documents_PhD_MAPF_LNS_MAPF_LNS_SAT_mapf-scen-even_scen-even_room-64-64-16-even-2_scen-agents10-idx11-seed42-1760996934943,0,186,3,2,9,17,462,170,0.000000,0.177000,0.403000,0.325000,0.029374,25.510000,1
_home_max_Documents_PhD_MAPF_LNS_MAPF_LNS_SAT_mapf-map_room-64-64-16_map-_home_max_Documents_PhD_MAPF_LNS_MAPF_LNS_SAT_mapf-scen-even_scen-even_room-64-64-16-even-2_scen-agents10-idx12-seed42-1760996935045,0,170,5,3,14,25,689,271,0.000000,0.240000,0.601000,0.480000,0.043864,26.859000,1
_home_max_Documents_PhD_MAPF_LNS_MAPF_LNS_SAT_mapf-map_room-64-64-16_map-_home_max_Documents_PhD_MAPF_LNS_MAPF_LNS_SAT_mapf-scen-even_scen-even_room-64-64-16-even-2_scen-agents10-idx13-seed42-1760996935144,0,155,4,3,11,21,487,179,0.000000,0.174000,0.463000,0.363000,0.036482,26.233000,1
_home_max_Documents_PhD_MAPF_LNS_MAPF_LNS_SAT_mapf-map_room-64-64-16_map-_home_max_Documents_PhD_MAPF_LNS_MAPF_LNS_SAT_mapf-scen-even_scen-even_room-64-64-16-even-2_scen-agents10-idx14-seed42-1760996935245,0,174,3,3,6,11,166,69,0.000000,0.067000,0.224000,0.166000,0.020635,24.651000,1
_home_max_Documents_PhD_MAPF_LNS_MAPF_LNS_SAT_mapf-map_room-64-64-16_map-_home_max_Documents_PhD_MAPF_LNS_MAPF_LNS_SAT_mapf-scen-even_scen-even_room-64-64-16-even-2_scen-agents10-idx15-seed42-1760996935347,0,173,8,6,26,62,2670,760,0.000000,0.838000,1.893000,1.566000,0.149810,33.997000,1
_home_max_Documents_PhD_MAPF_LNS_MAPF_LNS_SAT_mapf-map_room-64-64-16_map-_home_max_Documents_PhD_MAPF_LNS_MAPF_LNS_SAT_mapf-scen-even_scen-even_room-64-64-16-even-2_scen-agents10-idx16-seed42-1760996935446,0,179,7,6,19,41,1282,425,0.000000,0.481000,1.109000,0.869000,0.112487,32.353000,1
_home_max_Documents_PhD_MAPF_LNS_MAPF_LNS_SAT_mapf-map_room-64-64-16_map-_home_max_Documents_PhD_MAPF_LNS_MAPF_LNS_SAT_mapf-scen-even_scen-even_room-64-64-16-even-2_scen-agents10-idx17-seed42-1760996935546,0,185,2,2,3,5,162,69,0.000000,0.093000,0.179000,0.141000,0.021630,26.359000,1
_home_max_Documents_PhD_MAPF_LNS_MAPF_LNS_SAT_mapf-map_room-64-64-16_map-_home_max_Documents_PhD_MAPF_LNS_MAPF_LNS_SAT_mapf-scen-even_scen-even_room-64-64-16-even-2_scen-agents10-idx18-seed42-1760996935649,0,157,5,5,11,28,847,294,0.000000,0.295000,0.757000,0.574000,0.061929,28.757000,1
_home_max_Documents_PhD_MAPF_LNS_MAPF_LNS_SAT_mapf-map_room-64-64-16_map-_home_max_Documents_PhD_MAPF_LNS_MAPF_LNS_SAT_mapf-scen-even_scen-even_room-64-64-16-even-2_scen-agents10-idx19-seed42-1760996935746,0,184,3,3,9,21,401,149,0.000000,0.160000,0.425000,0.311000,0.034837,27.473000,1
_home_max_Documents_PhD_MAPF_LNS_MAPF_LNS_SAT_mapf-map_room-64-64-16_map-_home_max_Documents_PhD_MAPF_LNS_MAPF_LNS_SAT_mapf-scen-even_scen-even_room-64-64-16-even-2_scen-agents10-idx20-seed42-1760996935849,0,173,0,0,0,0,0,0,0.000000,0.000000,0.000000,0.000000,0.000000,22.144000,1
_home_max_Documents_PhD_MAPF_LNS_MAPF_LNS_SAT_mapf-map_room-64-64-16_map-_home_max_Documents_PhD_MAPF_LNS_MAPF_LNS_SAT_mapf-scen-even_scen-even_room-64-64-16-even-2_scen-agents10-idx21-seed42-1760996935950,0,168,3,3,4,9,75,34,0.000000,0.033000,0.158000,0.108000,0.012215,25.990000,1
_home_max_Documents_PhD_MAPF_LNS_MAPF_LNS_SAT_mapf-map_room-64-64-16_map-_home_max_Documents_PhD_MAPF_LNS_MAPF_LNS_SAT_mapf-scen-even_scen-even_room-64-64-16-even-2_scen-agents10-idx22-seed42-1760996936051,0,169,9,6,29,56,1260,476,0.000000,0.477000,1.118000,0.876000,0.081776,31.048000,1
_home_max_Documents_PhD_MAPF_LNS_MAPF_LNS_SAT_mapf-map_room-64-64-16_map-_home_max_Documents_PhD_MAPF_LNS_MAPF_LNS_SAT_mapf-scen-even_scen-even_room-64-64-16-even-2_scen-agents10-idx23-seed42-1760996936151,0,173,2,2,6,11,405,126,0.000000,0.120000,0.333000,0.270000,0.027498,26.177000,1
_home_max_Documents_PhD_MAPF_LNS_MAPF_LNS_SAT_mapf-map_room-64-64-16_map-_home_max_Documents_PhD_MAPF_LNS_MAPF_LNS_SAT_mapf-scen-even_scen-even_room-64-64-16-even-2_scen-agents10-idx24-seed42-1760996936253,0,144,6,6,6,17,140,57,0.000000,0.060000,0.261000,0.173000,0.017221,26.010000,1
_home_max_Documents_PhD_MAPF_LNS_MAPF_LNS_SAT_mapf-map_room-64-64-16_map-_home_max_Documents_PhD_MAPF_LNS_MAPF_LNS_SAT_mapf-scen-even_scen-even_room-64-64-16-even-2_scen-agents10-idx25-seed42-1760996936354,0,185,0,0,0,0,0,0,0.000000,0.000000,0.000000,0.000000,0.000000,24.200000,1
_home_max_Documents_PhD_MAPF_LNS_MAPF_LNS_SAT_mapf-map_room-64-64-16_map-_home_max_Documents_PhD_MAPF_LNS_MAPF_LNS_SAT_mapf-scen-even_scen-even_room-64-64-16-even-2_scen-agents10-idx26-seed42-1760996936449,0,157,4,3,10,17,339,143,0.000000,0.135000,0.354000,0.275000,0.023055,30.279000,1
_home_max_Documents_PhD_MAPF_LNS_MAPF_LNS_SAT_mapf-map_room-64-64-16_map-_home_max_Documents_PhD_MAPF_LNS_MAPF_LNS_SAT_mapf-scen-even_scen-even_room-64-64-16-even-2_scen-agents10-idx27-seed42-1760996936554,0,178,3,2,13,27,2368,583,0.000000,0.791000,1.367000,1.208000,0.082817,29.283000,1
_home_max_Documents_PhD_MAPF_LNS_MAPF_LNS_SAT_mapf-map_room-64-64-16_map-_home_max_Documents_PhD_MAPF_LNS_MAPF_LNS_SAT_mapf-scen-even_scen-even_room-64-64-16-even-2_scen-agents10-idx28-seed42-1760996936653,0,171,4,3,14,29,834,276,0.000000,0.302000,0.733000,0.590000,0.056580,28.437000,1
_home_max_Documents_PhD_MAPF_LNS_MAPF_LNS_SAT_mapf-map_room-64-64-16_map-_home_max_Documents_PhD_MAPF_LNS_MAPF_LNS_SAT_mapf-scen-even_scen-even_room-64-64-16-even-2_scen-agents10-idx29-seed42-1760996936754,0,189,4,3,11,23,489,187,0.000000,0.230000,0.493000,0.371000,0.033223,29.642000,1
_home_max_Documents_PhD_MAPF_LNS_MAPF_LNS_SAT_mapf-map_room-64-64-16_map-_home_max_Documents_PhD_MAPF_LNS_MAPF_LNS_SAT_mapf-scen-even_scen-even_room-64-64-16-even-2_scen-agents10-idx30-seed42-1760996936854,0,182,6,4,17,33,1677,507,0.000000,0.600000,1.181000,1.002000,0.111956,29.879000,1
_home_max_Documents_PhD_MAPF_LNS_MAPF_LNS_SAT_mapf-map_room-64-64-16_map-_home_max_Documents_PhD_MAPF_LNS_MAPF_LNS_SAT_mapf-scen-even_scen-even_room-64-64-16-even-2_scen-agents10-idx31-seed42-1760996936954,0,164,3,1,13,26,2482,556,0.000000,0.820000,1.402000,1.256000,0.089461,28.238000,1
_home_max_Documents_PhD_MAPF_LNS_MAPF_LNS_SAT_mapf-map_room-64-64-16_map-_home_max_Documents_PhD_MAPF_LNS_MAPF_LNS_SAT_mapf-scen-even_scen-even_room-64-64-16-even-2_scen-agents10-idx32-seed42-1760996937058,0,170,4,4,9,19,298,119,0.000000,0.113000,0.362000,0.258000,0.029060,29.379000,1
_home_max_Documents_PhD_MAPF_LNS_MAPF_LNS_SAT_mapf-map_room-64-64-16_map-_home_max_Documents_PhD_MAPF_LNS_MAPF_LNS_SAT_mapf-scen-even_scen-even_room-64-64-16-even-2_scen-agents10-idx33-seed42-1760996937154,0,185,10,10,15,29,394,163,0.000000,0.160000,0.538000,0.382000,0.038214,31.531000,1
_home_max_Documents_PhD_MAPF_LNS_MAPF_LNS_SAT_mapf-map_room-64-64-16_map-_home_max_Documents_PhD_MAPF_LNS_MAPF_LNS_SAT_mapf-scen-even_scen-even_room-64-64-16-even-2_scen-agents10-idx34-seed42-1760996937257,0,187,3,3,7,13,244,103,0.000000,0.113000,0.276000,0.201000,0.022939,27.177000,1
_home_max_Documents_PhD_MAPF_LNS_MAPF_LNS_SAT_mapf-map_room-64-64-16_map-_home_max_Documents_PhD_MAPF_LNS_MAPF_LNS_SAT_mapf-scen-even_scen-even_room-64-64-16-even-2_scen-agents10-idx35-seed42-1760996937359,0,186,3,1,13,26,2462,537,0.000000,0.747000,1.401000,1.266000,0.093707,28.175000,1
_home_max_Documents_PhD_MAPF_LNS_MAPF_LNS_SAT_mapf-map_room-64-64-16_map-_home_max_Documents_PhD_MAPF_LNS_MAPF_LNS_SAT_mapf-scen-even_scen-even_room-64-64-16-even-2_scen-agents10-idx36-seed42-1760996937456,0,183,1,1,3,7,118,42,0.000000,0.049000,0.162000,0.124000,0.018221,24.029000,1
_home_max_Documents_PhD_MAPF_LNS_MAPF_LNS_SAT_mapf-map_room-64-64-16_map-_home_max_Documents_PhD_MAPF_LNS_MAPF_LNS_SAT_mapf-scen-even_scen-even_room-64-64-16-even-2_scen-agents10-idx37-seed42-1760996937559,0,175,7,4,23,46,2171,572,0.000000,0.717000,1.433000,1.211000,0.099579,30.186000,1
_home_max_Documents_PhD_MAPF_LNS_MAPF_LNS_SAT_mapf-map_room-64-64-16_map-_home_max_Documents_PhD_MAPF_LNS_MAPF_LNS_SAT_mapf-scen-even_scen-even_room-64-64-16-even-2_scen-agents10-idx38-seed42-1760996937661,0,172,5,3,16,31,794,290,0.000000,0.302000,0.691000,0.553000,0.050483,28.206000,1
_home_max_Documents_PhD_MAPF_LNS_MAPF_LNS_SAT_mapf-map_room-64-64-16_map-_home_max_Documents_PhD_MAPF_LNS_MAPF_LNS_SAT_mapf-scen-even_scen-even_room-64-64-16-even-2_scen-agents10-idx39-seed42-1760996937762,0,174,1,1,3,7,219,73,0.000000,0.096000,0.224000,0.174000,0.022276,24.449000,1
_home_max_Documents_PhD_MAPF_LNS_MAPF_LNS_SAT_mapf-map_room-64-64-16_map-_home_max_Documents_PhD_MAPF_LNS_MAPF_LNS_SAT_mapf-scen-even_scen-even_room-64-64-16-even-3_scen-agents10-idx0-seed42-1760996937863,0,181,1,1,1,1,24,10,0.000000,0.016000,0.065000,0.057000,0.008383,23.030000,1
_home_max_Documents_PhD_MAPF_LNS_MAPF_LNS_SAT_mapf-map_room-64-64-16_map-_home_max_Documents_PhD_MAPF_LNS_MAPF_LNS_SAT_mapf-scen-even_scen-even_room-64-64-16-even-3_scen-agents10-idx1-seed42-1760996937962,0,150,1,1,3,6,120,44,0.000000,0.052000,0.149000,0.114000,0.014446,22.292000,1
_home_max_Documents_PhD_MAPF_LNS_MAPF_LNS_SAT_mapf-map_room-64-64-16_map-_home_max_Documents_PhD_MAPF_LNS_MAPF_LNS_SAT_mapf-scen-even_scen-even_room-64-64-16-even-3_scen-agents10-idx2-seed42-1760996938064,0,169,2,1,5,9,202,80,0.000000,0.087000,0.211000,0.169000,0.015014,25.163000,1
_home_max_Documents_PhD_MAPF_LNS_MAPF_LNS_SAT_mapf-map_room-64-64-16_map-_home_max_Documents_PhD_MAPF_LNS_MAPF_LNS_SAT_mapf-scen-even_scen-even_room-64-64-16-even-3_scen-agents10-idx3-seed42-1760996938165,0,180,4,2,18,34,6859,1099,0.000000,1.871000,3.096000,2.923000,0.146543,33.777000,1
_home_max_Documents_PhD_MAPF_LNS_MAPF_LNS_SAT_mapf-map_room-64-64-16_map-_home_max_Documents_PhD_MAPF_LNS_MAPF_LNS_SAT_mapf-scen-even_scen-even_room-64-64-16-even-3_scen-agents10-idx4-seed42-1760996938261,0,164,4,4,10,16,229,104,0.000000,0.095000,0.280000,0.210000,0.019882,26.047000,1
_home_max_Documents_PhD_MAPF_LNS_MAPF_LNS_SAT_mapf-map_room-64-64-16_map-_home_max_Documents_PhD_MAPF_LNS_MAPF_LNS_SAT_mapf-scen-even_scen-even_room-64-64-16-even-3_scen-agents10-idx5-seed42-1760996938366,0,138,4,4,9,18,458,154,0.000000,0.153000,0.434000,0.339000,0.036728,25.297000,1
_home_max_Documents_PhD_MAPF_LNS_MAPF_LNS_SAT_mapf-map_room-64-64-16_map-_home_max_Documents_PhD_MAPF_LNS_MAPF_LNS_SAT_mapf-scen-even_scen-even_room-64-64-16-even-3_scen-agents10-idx6-seed42-1760996938467,0,173,3,3,6,14,694,226,0.000000,0.287000,0.543000,0.433000,0.048125,26.613000,1
_home_max_Documents_PhD_MAPF_LNS_MAPF_LNS_SAT_mapf-map_room-64-64-16_map-_home_max_Documents_PhD_MAPF_LNS_MAPF_LNS_SAT_mapf-scen-even_scen-even_room-64-64-16-even-3_scen-agents10-idx7-seed42-1760996938568,0,155,4,3,12,23,1862,449,0.000000,0.574000,1.084000,0.954000,0.066964,29.078000,1
_home_max_Documents_PhD_MAPF_LNS_MAPF_LNS_SAT_mapf-map_room-64-64-16_map-_home_max_Documents_PhD_MAPF_LNS_MAPF_LNS_SAT_mapf-scen-even_scen-even_room-64-64-16-even-3_scen-agents10-idx8-seed42-1760996938668,0,158,4,2,15,29,2099,505,0.000000,0.662000,1.261000,1.114000,0.083400,27.402000,1
_home_max_Documents_PhD_MAPF_LNS_MAPF_LNS_SAT_mapf-map_room-64-64-16_map-_home_max_Documents_PhD_MAPF_LNS_MAPF_LNS_SAT_mapf-scen-even_scen-even_room-64-64-16-even-3_scen-agents10-idx9-seed42-1760996938768,0,192,0,0,0,0,0,0,0.000000,0.000000,0.000000,0.000000,0.000000,21.336000,1
_home_max_Documents_PhD_MAPF_LNS_MAPF_LNS_SAT_mapf-map_room-64-64-16_map-_home_max_Documents_PhD_MAPF_LNS_MAPF_LNS_SAT_mapf-scen-even_scen-even_room-64-64-16-even-3_scen-agents10-idx10-seed42-1760996938869,0,190,6,3,21,43,2747,668,0.000000,0.894000,1.700000,1.470000,0.118532,30.988000,1
_home_max_Documents_PhD_MAPF_LNS_MAPF_LNS_SAT_mapf-map_room-64-64-16_map-_home_max_Documents_PhD_MAPF_LNS_MAPF_LNS_SAT_mapf-scen-even_scen-even_room-64-64-16-even-3_scen-agents10-idx11-seed42-1760996938966,0,167,0,0,0,0,0,0,0.000000,0.000000,0.000000,0.000000,0.000000,26.082000,1
_home_max_Documents_PhD_MAPF_LNS_MAPF_LNS_SAT_mapf-map_room-64-64-16_map-_home_max_Documents_PhD_MAPF_LNS_MAPF_LNS_SAT_mapf-scen-even_scen-even_room-64-64-16-even-1_scen-agents20-idx0-seed42-1760997529232,0,189,21,16,47,97,10574,2159,0.000000,3.360000,5.823000,5.163000,0.393429,84.011000,1
_home_max_Documents_PhD_MAPF_LNS_MAPF_LNS_SAT_mapf-map_room-64-64-16_map-_home_max_Documents_PhD_MAPF_LNS_MAPF_LNS_SAT_mapf-scen-even_scen-even_room-64-64-16-even-1_scen-agents20-idx1-seed42-1760997529384,0,181,20,16,64,133,6382,2020,0.000000,2.484000,4.567000,3.745000,0.301332,89.739000,1
_home_max_Documents_PhD_MAPF_LNS_MAPF_LNS_SAT_mapf-map_room-64-64-16_map-_home_max_Documents_PhD_MAPF_LNS_MAPF_LNS_SAT_mapf-scen-even_scen-even_room-64-64-16-even-1_scen-agents20-idx2-seed42-1760997529533,0,189,9,7,27,52,1327,482,0.000000,0.514000,1.164000,0.913000,0.082760,62.026000,1
_home_max_Documents_PhD_MAPF_LNS_MAPF_LNS_SAT_mapf-map_room-64-64-16_map-_home_max_Documents_PhD_MAPF_LNS_MAPF_LNS_SAT_mapf-scen-even_scen-even_room-64-64-16-even-1_scen-agents20-idx3-seed42-1760997529684,0,168,21,14,64,122,4902,1543,0.000000,1.757000,3.506000,2.896000,0.210878,78.120000,1
_home_max_Documents_PhD_MAPF_LNS_MAPF_LNS_SAT_mapf-map_room-64-64-16_map-_home_max_Documents_PhD_MAPF_LNS_MAPF_LNS_SAT_mapf-scen-even_scen-even_room-64-64-16-even-1_scen-agents20-idx4-seed42-1760997529835,0,184,25,17,72,155,9878,2510,0.001000,3.357000,7.742000,6.500000,0.856134,100.033000,1
_home_max_Documents_PhD_MAPF_LNS_MAPF_LNS_SAT_mapf-map_room-64-64-16_map-_home_max_Documents_PhD_MAPF_LNS_MAPF_LNS_SAT_mapf-scen-even_scen-even_room-64-64-16-even-1_scen-agents20-idx5-seed42-1760997530036,0,182,25,19,58,107,8358,1894,0.000000,2.659000,4.881000,4.303000,0.305355,87.038000,1
_home_max_Documents_PhD_MAPF_LNS_MAPF_LNS_SAT_mapf-map_room-64-64-16_map-_home_max_Documents_PhD_MAPF_LNS_MAPF_LNS_SAT_mapf-scen-even_scen-even_room-64-64-16-even-1_scen-agents20-idx6-seed42-1760997530186,0,172,12,7,42,84,10009,1983,0.000000,3.334000,5.242000,4.679000,0.333769,75.434000,1
_home_max_Documents_PhD_MAPF_LNS_MAPF_LNS_SAT_mapf-map_room-64-64-16_map-_home_max_Documents_PhD_MAPF_LNS_MAPF_LNS_SAT_mapf-scen-even_scen-even_room-64-64-16-even-1_scen-agents20-idx7-seed42-1760997530337,0,181,7,6,26,52,16278,3220,0.000000,5.798000,7.550000,7.051000,0.327436,75.573000,1
_home_max_Documents_PhD_MAPF_LNS_MAPF_LNS_SAT_mapf-map_room-64-64-16_map-_home_max_Documents_PhD_MAPF_LNS_MAPF_LNS_SAT_mapf-scen-even_scen-even_room-64-64-16-even-1_scen-agents20-idx8-seed42-1760997530487,0,187,27,21,63,132,5554,1807,0.000000,2.133000,4.144000,3.354000,0.334239,96.243000,1
_home_max_Documents_PhD_MAPF_LNS_MAPF_LNS_SAT_mapf-map_room-64-64-16_map-_home_max_Documents_PhD_MAPF_LNS_MAPF_LNS_SAT_mapf-scen-even_scen-even_room-64-64-16-even-1_scen-agents50-idx0-seed42-1760998128788,0,189,84,63,262,585,2604404,163091,0.034000,1588.502000,1206.389000,1187.712000,31.818467,3653.219000,1
_home_max_Documents_PhD_MAPF_LNS_MAPF_LNS_SAT_mapf-map_room-64-64-16_map-_home_max_Documents_PhD_MAPF_LNS_MAPF_LNS_SAT_mapf-scen-even_scen-even_room-64-64-16-even-1_scen-agents50-idx1-seed42-1760998132602,0,184,78,51,279,743,3323027,181937,0.052000,2086.162000,1775.456000,1730.391000,179.652736,4761.162000,1
_home_max_Documents_PhD_MAPF_LNS_MAPF_LNS_SAT_mapf-map_room-64-64-16_map-_home_max_Documents_PhD_MAPF_LNS_MAPF_LNS_SAT_mapf-scen-even_scen-even_room-64-64-16-even-1_scen-agents50-idx2-seed42-1760998137515,0,182,65,49,179,374,758840,55623,0.019000,379.508000,315.416000,307.805000,11.040356,1162.687000,1
_home_max_Documents_PhD_MAPF_LNS_MAPF_LNS_SAT_mapf-map_room-64-64-16_map-_home_max_Documents_PhD_MAPF_LNS_MAPF_LNS_SAT_mapf-scen-even_scen-even_room-64-64-16-even-1_scen-agents50-idx3-seed42-1760998138820,0,187,66,50,206,510,3515490,173550,0.045000,1996.979000,1757.376000,1736.332000,47.265716,4622.946000,1
_home_max_Documents_PhD_MAPF_LNS_MAPF_LNS_SAT_mapf-map_room-64-64-16_map-_home_max_Documents_PhD_MAPF_LNS_MAPF_LNS_SAT_mapf-scen-even_scen-even_room-64-64-16-even-1_scen-agents50-idx4-seed42-1760998143637,0,176,52,43,134,309,82964,19491,0.014000,41.644000,54.544000,50.215000,3.015318,409.283000,1
_home_max_Documents_PhD_MAPF_LNS_MAPF_LNS_SAT_mapf-map_room-64-64-16_map-_home_max_Documents_PhD_MAPF_LNS_MAPF_LNS_SAT_mapf-scen-even_scen-even_room-64-64-16-even-1_scen-agents50-idx5-seed42-1760998144239,0,188,61,48,197,516,1576234,118378,0.024000,996.826000,764.792000,744.826000,42.408331,2385.773000,1
_home_max_Documents_PhD_MAPF_LNS_MAPF_LNS_SAT_mapf-map_room-64-64-16_map-_home_max_Documents_PhD_MAPF_LNS_MAPF_LNS_SAT_mapf-scen-even_scen-even_room-64-64-16-even-1_scen-agents50-idx6-seed42-1760998146793,0,185,53,47,145,351,71525,12391,0.002000,24.475000,35.706000,32.182000,2.820240,375.589000,1
